state,year,state_name,numcol,yieldpercol,totalprod,stocks,priceperlb,prodvalue,totalpest,tmin,tmedian,tmean,tmax
AL,1991,Alabama,23000.0,24,552000.0,66000.0,0.63,348000.0,0.0,7.8,18.6,18.0,27.3
AL,1992,Alabama,25000.0,41,1025000.0,113000.0,0.59,605000.0,0.0,7.0,16.7,17.0,27.0
AL,1993,Alabama,19000.0,45,855000.0,103000.0,0.59,504000.0,0.0,7.5,16.2,17.1,28.2
AL,1994,Alabama,18000.0,50,900000.0,99000.0,0.52,468000.0,0.0,5.1,18.2,17.5,25.9
AL,1995,Alabama,16000.0,58,928000.0,28000.0,0.69,640000.0,716.5,7.2,17.7,17.5,28.1
AL,1996,Alabama,15000.0,64,960000.0,96000.0,0.87,835000.0,371.6,6.5,16.6,17.1,26.9
AL,1997,Alabama,14000.0,66,924000.0,92000.0,0.81,748000.0,6704.8,7.4,17.0,17.3,27.3
AL,1998,Alabama,16000.0,71,1136000.0,159000.0,0.72,818000.0,1836.3,9.1,18.2,18.8,28.1
AL,1999,Alabama,17000.0,68,1156000.0,185000.0,0.56,647000.0,1251.2,8.7,18.8,18.3,28.2
AL,2000,Alabama,16000.0,78,1248000.0,187000.0,0.59,736000.0,1499.2,4.2,17.2,17.9,28.1
AL,2001,Alabama,14000.0,73,1022000.0,235000.0,0.72,736000.0,1490.8,5.4,17.4,17.7,27.1
AL,2002,Alabama,12000.0,86,1032000.0,103000.0,1.18,1218000.0,2019.2,7.7,19.9,18.0,27.4
AL,2003,Alabama,13000.0,82,1066000.0,43000.0,1.24,1322000.0,1260.0,4.8,17.8,17.5,26.9
AL,2004,Alabama,12000.0,87,1044000.0,282000.0,1.41,1472000.0,7864.2,7.0,18.6,17.8,26.8
AL,2005,Alabama,13000.0,66,858000.0,266000.0,1.02,875000.0,7992.0,6.6,17.3,17.9,27.5
AL,2006,Alabama,11000.0,72,792000.0,230000.0,1.21,958000.0,10281.8,8.0,18.6,18.3,28.5
AL,2007,Alabama,11000.0,56,616000.0,209000.0,1.49,918000.0,15103.9,7.5,17.8,18.4,29.6
AL,2008,Alabama,9000.0,66,594000.0,214000.0,1.9,1129000.0,9109.4,6.4,17.2,17.6,27.2
AL,2009,Alabama,9000.0,50,450000.0,68000.0,1.86,837000.0,13155.3,7.3,17.2,17.6,26.9
AL,2010,Alabama,9000.0,54,486000.0,73000.0,2.4,1166000.0,8329.3,4.6,18.3,17.5,28.8
AL,2011,Alabama,9000.0,50,450000.0,63000.0,2.51,1130000.0,22484.0,5.3,17.7,18.1,28.3
AL,2012,Alabama,8000.0,54,432000.0,65000.0,2.47,1067000.0,18049.5,10.3,18.5,18.7,28.1
AL,2013,Alabama,7000.0,52,364000.0,55000.0,2.85,1037000.0,19479.3,9.2,20.6,19.0,26.1
AR,1991,Arkansas,47000.0,79,3713000.0,557000.0,0.54,2005000.0,0.0,3.0,17.3,16.6,27.3
AR,1992,Arkansas,45000.0,65,2925000.0,410000.0,0.52,1521000.0,0.0,5.1,16.3,15.8,26.6
AR,1993,Arkansas,50000.0,73,3650000.0,548000.0,0.5,1825000.0,0.0,4.3,14.3,15.4,28.7
AR,1994,Arkansas,50000.0,71,3550000.0,817000.0,0.51,1811000.0,0.0,2.6,17.1,16.0,26.2
AR,1995,Arkansas,50000.0,60,3000000.0,900000.0,0.71,2130000.0,11115.6,5.1,16.3,16.1,28.7
AR,1996,Arkansas,40000.0,84,3360000.0,336000.0,0.85,2856000.0,493.6,3.6,15.6,15.6,26.5
AR,1997,Arkansas,50000.0,95,4750000.0,3468000.0,0.7,3325000.0,2353.7,3.7,14.9,15.6,27.7
AR,1998,Arkansas,53000.0,65,3445000.0,1688000.0,0.59,2033000.0,1262.3,6.7,16.7,17.5,29.1
AR,1999,Arkansas,52000.0,89,4628000.0,2592000.0,0.53,2453000.0,692.2,6.0,17.3,17.0,27.9
AR,2000,Arkansas,52000.0,93,4836000.0,3337000.0,0.57,2757000.0,925.2,-0.1,16.6,16.4,29.2
AR,2001,Arkansas,50000.0,98,4900000.0,1617000.0,0.65,3185000.0,3569.7,2.9,17.1,16.5,28.1
AR,2002,Arkansas,45000.0,88,3960000.0,871000.0,1.26,4990000.0,2876.6,5.9,17.0,16.2,27.4
AR,2003,Arkansas,40000.0,75,3000000.0,810000.0,1.26,3780000.0,5567.4,2.8,17.1,16.0,27.6
AR,2004,Arkansas,40000.0,57,2280000.0,388000.0,0.87,1984000.0,25153.2,4.9,17.6,16.4,25.9
AR,2005,Arkansas,36000.0,69,2484000.0,571000.0,0.97,2409000.0,17652.0,4.5,16.4,16.9,28.3
AR,2006,Arkansas,32000.0,76,2432000.0,730000.0,0.89,2164000.0,33889.5,5.0,17.6,16.9,28.3
AR,2007,Arkansas,28000.0,80,2240000.0,672000.0,0.95,2128000.0,31712.8,4.4,16.8,16.8,29.2
AR,2008,Arkansas,28000.0,75,2100000.0,525000.0,1.35,2835000.0,37361.2,3.9,15.5,15.8,27.3
AR,2009,Arkansas,24000.0,57,1368000.0,301000.0,1.42,1943000.0,35961.9,3.5,14.8,15.8,26.4
AR,2010,Arkansas,25000.0,60,1500000.0,360000.0,1.47,2205000.0,34965.5,2.5,17.5,16.5,29.3
AR,2011,Arkansas,22000.0,64,1408000.0,239000.0,1.62,2281000.0,57431.8,3.1,17.0,16.9,29.7
AR,2012,Arkansas,25000.0,63,1575000.0,189000.0,1.98,3119000.0,51226.5,7.1,17.6,17.8,29.4
AR,2013,Arkansas,22000.0,60,1320000.0,66000.0,2.02,2666000.0,58521.1,5.7,19.9,17.5,26.1
AZ,1991,Arizona,75000.0,50,3750000.0,750000.0,0.53,1988000.0,0.0,4.6,15.5,15.2,26.5
AZ,1992,Arizona,70000.0,54,3780000.0,1285000.0,0.55,2079000.0,0.0,3.5,17.0,15.4,25.8
AZ,1993,Arizona,55000.0,77,4235000.0,932000.0,0.52,2202000.0,0.0,5.2,15.5,15.6,26.0
AZ,1994,Arizona,47000.0,59,2773000.0,166000.0,0.51,1414000.0,2653.2,6.0,15.0,16.0,27.7
AZ,1995,Arizona,52000.0,79,4108000.0,986000.0,0.65,2670000.0,8260.6,5.4,14.9,16.2,27.7
AZ,1996,Arizona,32000.0,60,1920000.0,307000.0,0.85,1632000.0,6156.9,6.5,15.8,16.7,28.1
AZ,1997,Arizona,42000.0,80,3360000.0,1344000.0,0.72,2419000.0,10204.2,4.0,14.6,16.0,26.6
AZ,1998,Arizona,55000.0,60,3300000.0,1485000.0,0.64,2112000.0,4814.2,5.6,13.8,15.3,27.6
AZ,1999,Arizona,52000.0,62,3224000.0,1548000.0,0.62,1999000.0,5171.6,5.3,15.1,16.0,26.0
AZ,2000,Arizona,40000.0,59,2360000.0,1322000.0,0.73,1723000.0,10467.4,6.5,16.1,16.5,27.7
AZ,2001,Arizona,43000.0,59,2537000.0,1142000.0,0.72,1827000.0,3732.7,4.2,16.1,16.3,26.8
AZ,2002,Arizona,38000.0,63,2394000.0,1197000.0,1.08,2586000.0,6939.2,4.8,16.1,16.3,28.2
AZ,2003,Arizona,35000.0,72,2520000.0,983000.0,1.34,3377000.0,11062.1,5.8,16.4,16.7,29.0
AZ,2004,Arizona,32000.0,55,1760000.0,774000.0,1.11,1954000.0,12874.7,5.5,15.0,15.8,27.0
AZ,2005,Arizona,36000.0,50,1800000.0,720000.0,1.04,1872000.0,11284.3,6.3,15.6,16.3,28.4
AZ,2006,Arizona,30000.0,65,1950000.0,839000.0,0.91,1775000.0,13724.3,5.1,15.3,16.2,28.2
AZ,2007,Arizona,30000.0,64,1920000.0,902000.0,1.26,2419000.0,10070.2,3.6,16.0,16.4,28.0
AZ,2008,Arizona,25000.0,64,1600000.0,336000.0,1.26,2016000.0,10524.4,4.0,15.8,15.9,27.2
AZ,2009,Arizona,20000.0,52,1040000.0,562000.0,1.45,1508000.0,11348.1,3.6,14.5,16.2,28.5
AZ,2010,Arizona,24000.0,77,1848000.0,665000.0,1.52,2809000.0,12535.0,5.3,15.2,15.8,27.9
AZ,2011,Arizona,23000.0,53,1219000.0,427000.0,1.55,1889000.0,20910.2,4.0,16.0,15.8,28.1
AZ,2012,Arizona,22000.0,46,1012000.0,253000.0,1.79,1811000.0,15238.3,5.4,16.7,16.8,27.2
AZ,2013,Arizona,29000.0,36,1044000.0,251000.0,1.96,2046000.0,19569.3,3.4,19.8,17.8,27.5
CA,1991,California,520000.0,63,32760000.0,3276000.0,0.54,17690000.0,0.0,6.4,13.2,14.6,24.1
CA,1992,California,470000.0,57,31490000.0,4094000.0,0.52,16375000.0,0.0,4.7,16.1,15.3,24.5
CA,1993,California,500000.0,90,45000000.0,7200000.0,0.5,22500000.0,0.0,5.2,14.7,14.4,23.0
CA,1994,California,400000.0,60,24000000.0,6480000.0,0.51,12240000.0,2348.0,5.6,14.1,14.6,24.7
CA,1995,California,420000.0,93,39060000.0,4687000.0,0.63,24608000.0,28576.6,7.1,14.1,15.1,23.9
CA,1996,California,390000.0,70,27300000.0,4641000.0,0.84,22932000.0,33002.7,7.5,14.6,15.4,25.6
CA,1997,California,420000.0,75,31500000.0,9450000.0,0.7,22050000.0,76719.6,5.8,14.2,15.2,23.9
CA,1998,California,450000.0,83,37350000.0,12326000.0,0.62,23157000.0,61047.2,5.5,12.3,13.9,25.1
CA,1999,California,465000.0,60,27900000.0,9486000.0,0.55,15345000.0,41778.9,7.2,13.9,14.5,23.0
CA,2000,California,440000.0,70,30800000.0,11396000.0,0.59,18172000.0,30796.5,7.7,14.6,15.0,23.9
CA,2001,California,460000.0,61,28060000.0,7857000.0,0.69,19361000.0,35178.6,5.8,14.6,15.2,24.4
CA,2002,California,470000.0,50,23500000.0,3525000.0,1.32,31020000.0,44682.6,5.8,14.3,15.0,25.2
CA,2003,California,480000.0,67,32160000.0,6432000.0,1.39,44702000.0,55419.8,6.7,14.1,15.4,25.9
CA,2004,California,390000.0,45,17550000.0,5792000.0,1.05,18428000.0,59321.1,6.5,14.4,15.1,24.5
CA,2005,California,400000.0,75,30000000.0,9300000.0,0.86,25800000.0,62021.8,6.8,13.7,14.9,25.7
CA,2006,California,380000.0,52,19760000.0,7706000.0,0.97,19167000.0,64488.1,6.7,13.4,14.9,26.3
CA,2007,California,340000.0,40,13600000.0,3672000.0,1.04,14144000.0,126006.2,5.2,14.2,15.1,25.0
CA,2008,California,360000.0,51,18360000.0,4039000.0,1.39,25520000.0,101975.6,5.1,14.6,15.1,24.7
CA,2009,California,355000.0,33,11715000.0,2109000.0,1.39,16284000.0,88386.0,5.4,13.6,15.0,25.3
CA,2010,California,410000.0,67,27470000.0,6318000.0,1.55,42579000.0,111344.4,7.3,12.5,14.4,24.5
CA,2011,California,370000.0,48,17760000.0,3730000.0,1.65,29304000.0,149528.3,6.3,13.3,14.3,24.0
CA,2012,California,330000.0,35,11550000.0,3119000.0,1.94,22407000.0,140689.4,6.1,15.1,15.4,25.4
CA,2013,California,330000.0,33,10890000.0,2505000.0,2.11,22978000.0,167111.2,5.6,17.9,16.8,25.6
CO,1991,Colorado,50000.0,79,3950000.0,514000.0,0.63,2489000.0,0.0,-6.0,6.8,7.2,19.3
CO,1992,Colorado,52000.0,74,3848000.0,847000.0,0.59,2270000.0,0.0,-5.8,9.0,7.3,18.0
CO,1993,Colorado,53000.0,73,3869000.0,1161000.0,0.58,2244000.0,0.0,-4.9,6.2,6.5,18.9
CO,1994,Colorado,45000.0,76,3420000.0,1813000.0,0.56,1915000.0,0.0,-3.5,7.0,8.0,20.0
CO,1995,Colorado,45000.0,60,2700000.0,1404000.0,0.73,1971000.0,655.2,-3.2,5.9,7.5,20.6
CO,1996,Colorado,30000.0,74,2220000.0,1132000.0,0.85,1887000.0,669.3,-4.7,7.0,7.5,20.1
CO,1997,Colorado,35000.0,55,1925000.0,982000.0,0.82,1579000.0,4357.9,-4.5,5.5,7.0,19.6
CO,1998,Colorado,27000.0,72,1944000.0,1594000.0,0.7,1361000.0,1724.5,-3.4,6.5,7.8,20.6
CO,1999,Colorado,27000.0,76,2052000.0,1436000.0,0.68,1395000.0,913.9,-2.7,6.9,8.0,20.2
CO,2000,Colorado,29000.0,60,1740000.0,957000.0,0.62,1079000.0,263.8,-3.9,8.1,8.2,21.0
CO,2001,Colorado,26000.0,55,1430000.0,529000.0,0.71,1015000.0,1584.8,-4.4,8.1,8.1,21.3
CO,2002,Colorado,24000.0,60,1440000.0,576000.0,1.29,1858000.0,1566.8,-4.0,7.2,7.7,21.8
CO,2003,Colorado,24000.0,86,2064000.0,722000.0,1.4,2890000.0,866.4,-3.4,8.9,8.3,22.5
CO,2004,Colorado,23000.0,80,1840000.0,791000.0,1.35,2484000.0,5366.0,-3.6,7.4,7.6,19.0
CO,2005,Colorado,28000.0,70,1960000.0,902000.0,0.97,1901000.0,8374.3,-3.7,7.5,8.1,21.2
CO,2006,Colorado,36000.0,75,2700000.0,1458000.0,1.04,2808000.0,5513.7,-3.2,7.6,8.0,21.0
CO,2007,Colorado,31000.0,51,1581000.0,838000.0,1.15,1818000.0,5094.4,-7.1,7.5,7.8,21.0
CO,2008,Colorado,27000.0,45,1215000.0,656000.0,1.51,1835000.0,8292.6,-6.5,6.6,7.1,20.8
CO,2009,Colorado,28000.0,53,1484000.0,326000.0,1.43,2122000.0,12113.3,-7.0,5.1,7.2,19.5
CO,2010,Colorado,34000.0,56,1904000.0,533000.0,1.52,2894000.0,24183.8,-4.4,7.9,7.8,20.5
CO,2011,Colorado,31000.0,55,1705000.0,443000.0,2.0,3410000.0,27480.5,-4.8,7.1,7.4,21.2
CO,2012,Colorado,25000.0,48,1200000.0,468000.0,2.07,2484000.0,21385.0,-3.8,8.4,9.0,21.6
CO,2013,Colorado,26000.0,43,1118000.0,324000.0,2.1,2348000.0,19268.3,-5.2,11.7,9.4,20.5
FL,1991,Florida,225000.0,83,18675000.0,1307000.0,0.53,9898000.0,0.0,17.0,23.1,22.5,27.8
FL,1992,Florida,220000.0,104,22880000.0,2517000.0,0.53,12126000.0,0.0,14.3,21.1,21.7,28.2
FL,1993,Florida,200000.0,113,22600000.0,2712000.0,0.5,11300000.0,0.0,14.4,21.4,21.7,28.3
FL,1994,Florida,230000.0,84,19320000.0,2898000.0,0.47,9080000.0,3039.4,14.6,23.0,22.4,27.2
FL,1995,Florida,230000.0,86,19780000.0,1780000.0,0.64,12659000.0,4828.5,14.4,23.0,22.0,28.2
FL,1996,Florida,240000.0,105,25200000.0,2268000.0,0.86,21672000.0,12278.0,14.4,21.5,21.5,28.1
FL,1997,Florida,240000.0,67,16080000.0,2734000.0,0.73,11738000.0,9347.5,15.8,22.4,22.3,28.0
FL,1998,Florida,230000.0,98,22540000.0,4508000.0,0.64,14426000.0,11049.1,16.2,23.1,23.0,29.0
FL,1999,Florida,228000.0,102,23256000.0,4186000.0,0.53,12326000.0,11173.8,16.0,23.1,22.3,28.6
FL,2000,Florida,232000.0,105,24360000.0,2923000.0,0.54,13154000.0,6003.8,14.5,21.4,22.0,28.1
FL,2001,Florida,220000.0,100,22000000.0,3432000.0,0.64,14080000.0,9378.8,12.4,22.1,22.2,27.8
FL,2002,Florida,220000.0,93,20460000.0,2026000.0,1.14,23324000.0,7856.7,15.2,24.3,22.4,27.8
FL,2003,Florida,210000.0,71,14910000.0,1491000.0,1.32,19681000.0,35597.6,12.1,22.6,22.2,27.7
FL,2004,Florida,205000.0,98,20090000.0,2009000.0,1.02,20492000.0,16997.7,14.6,22.4,22.1,28.0
FL,2005,Florida,160000.0,86,13760000.0,2477000.0,0.87,11971000.0,28811.1,14.8,22.0,22.1,28.8
FL,2006,Florida,170000.0,81,13770000.0,1790000.0,1.0,13770000.0,21462.0,15.3,22.9,22.4,28.5
FL,2007,Florida,160000.0,71,11360000.0,1363000.0,0.99,11246000.0,43614.8,15.2,22.4,22.6,29.1
FL,2008,Florida,150000.0,79,11850000.0,1304000.0,1.32,15642000.0,33508.2,15.3,21.9,22.1,27.8
FL,2009,Florida,170000.0,68,11560000.0,1618000.0,1.42,16415000.0,34864.8,14.8,22.9,22.3,28.2
FL,2010,Florida,200000.0,69,13800000.0,1794000.0,1.56,21528000.0,33995.7,11.2,22.2,21.3,28.9
FL,2011,Florida,180000.0,61,10980000.0,988000.0,1.68,18446000.0,52534.8,13.6,22.6,22.6,29.1
FL,2012,Florida,193000.0,64,12352000.0,1235000.0,1.84,22728000.0,58058.4,16.0,22.8,22.7,28.1
FL,2013,Florida,220000.0,61,13420000.0,1074000.0,2.03,27243000.0,75748.8,15.5,23.6,23.0,28.2
GA,1991,Georgia,102000.0,42,4284000.0,129000.0,0.63,2699000.0,0.0,9.0,19.0,18.5,27.2
GA,1992,Georgia,85000.0,55,4675000.0,701000.0,0.66,3086000.0,0.0,8.2,16.8,17.5,27.2
GA,1993,Georgia,80000.0,56,4480000.0,179000.0,0.61,2733000.0,0.0,8.0,16.8,17.8,28.7
GA,1994,Georgia,80000.0,63,5040000.0,958000.0,0.57,2873000.0,0.0,6.2,18.4,18.0,26.0
GA,1995,Georgia,70000.0,62,4340000.0,260000.0,0.71,3081000.0,0.9,7.9,18.6,18.0,27.8
GA,1996,Georgia,75000.0,68,5100000.0,306000.0,0.88,4488000.0,1008.8,7.5,17.0,17.5,27.2
GA,1997,Georgia,75000.0,46,3450000.0,587000.0,0.79,2726000.0,10856.3,8.8,17.8,17.8,27.3
GA,1998,Georgia,75000.0,56,4200000.0,307000.0,0.69,2898000.0,5259.6,10.1,18.5,19.2,28.3
GA,1999,Georgia,65000.0,51,3315000.0,497000.0,0.64,2122000.0,3647.8,9.3,19.1,18.5,28.2
GA,2000,Georgia,55000.0,57,3135000.0,376000.0,0.63,1975000.0,3065.3,5.3,17.2,17.9,27.6
GA,2001,Georgia,55000.0,57,3135000.0,188000.0,0.7,2195000.0,4127.4,6.7,17.6,18.2,26.8
GA,2002,Georgia,50000.0,52,2600000.0,52000.0,1.13,2938000.0,8185.0,8.1,20.5,18.5,27.6
GA,2003,Georgia,52000.0,65,3380000.0,270000.0,1.28,4326000.0,13469.9,6.2,18.1,18.0,26.8
GA,2004,Georgia,63000.0,49,3087000.0,648000.0,1.2,3704000.0,10421.4,7.7,18.8,18.3,27.2
GA,2005,Georgia,59000.0,49,2891000.0,434000.0,0.89,2573000.0,6937.3,7.7,17.8,18.2,27.6
GA,2006,Georgia,63000.0,74,4662000.0,746000.0,1.2,5594000.0,21680.5,9.0,18.7,18.6,28.1
GA,2007,Georgia,60000.0,58,3480000.0,522000.0,1.19,4141000.0,17159.8,8.6,18.5,18.8,29.0
GA,2008,Georgia,65000.0,71,4615000.0,369000.0,1.52,7015000.0,18027.3,7.6,17.4,18.1,27.0
GA,2009,Georgia,65000.0,41,2665000.0,346000.0,1.47,3918000.0,23324.2,8.4,17.8,18.0,27.1
GA,2010,Georgia,55000.0,46,2530000.0,152000.0,1.67,4225000.0,26117.3,5.0,18.7,17.8,28.5
GA,2011,Georgia,65000.0,43,2795000.0,196000.0,1.65,4612000.0,58625.4,6.0,18.2,18.7,28.4
GA,2012,Georgia,59000.0,51,3009000.0,181000.0,1.92,5777000.0,40839.5,10.5,18.8,19.1,28.3
GA,2013,Georgia,67000.0,50,3350000.0,637000.0,2.26,7571000.0,44648.2,9.8,20.9,19.4,26.2
HI,1991,Hawaii,10000.0,131,1310000.0,328000.0,0.57,747000.0,0.0,20.9,23.0,23.0,24.9
HI,1992,Hawaii,9000.0,138,1242000.0,460000.0,0.54,671000.0,0.0,20.9,23.4,23.2,25.2
HI,1993,Hawaii,9000.0,177,1593000.0,1020000.0,0.52,828000.0,0.0,20.3,22.6,22.8,24.8
HI,1994,Hawaii,11000.0,100,1100000.0,429000.0,0.48,528000.0,0.0,20.6,23.2,23.0,25.2
HI,1995,Hawaii,8000.0,129,1032000.0,103000.0,0.56,578000.0,0.0,21.1,23.5,23.2,24.8
HI,1996,Hawaii,8000.0,155,1240000.0,62000.0,0.81,1004000.0,0.0,20.9,23.8,23.4,25.0
HI,1997,Hawaii,9000.0,146,1314000.0,158000.0,0.86,1130000.0,0.0,21.5,22.9,23.2,25.1
HI,1998,Hawaii,8000.0,118,944000.0,66000.0,0.77,727000.0,0.0,21.0,22.4,22.6,24.5
HI,1999,Hawaii,8000.0,80,640000.0,32000.0,0.8,512000.0,0.0,20.9,22.8,22.6,24.2
HI,2000,Hawaii,7000.0,112,784000.0,125000.0,0.82,643000.0,0.0,20.7,23.1,22.9,24.8
HI,2001,Hawaii,8000.0,87,696000.0,84000.0,0.87,606000.0,0.0,21.2,23.1,23.1,25.0
HI,2002,Hawaii,7000.0,136,952000.0,29000.0,1.11,1057000.0,0.0,20.6,23.3,23.1,25.0
HI,2003,Hawaii,7000.0,114,798000.0,43000.0,1.45,1157000.0,0.0,21.1,23.4,23.3,25.2
HI,2004,Hawaii,8000.0,96,768000.0,77000.0,1.59,1221000.0,0.0,21.6,23.6,23.4,25.3
HI,2005,Hawaii,9000.0,131,1179000.0,283000.0,1.43,1686000.0,0.0,21.2,23.6,23.3,25.2
HI,2006,Hawaii,10000.0,93,930000.0,233000.0,1.21,1125000.0,0.0,20.8,23.1,23.0,24.8
HI,2007,Hawaii,10000.0,92,920000.0,285000.0,1.7,1564000.0,0.0,21.0,23.1,23.0,24.6
HI,2008,Hawaii,10000.0,90,900000.0,225000.0,1.59,1431000.0,0.0,20.9,22.9,22.8,24.3
HI,2009,Hawaii,10000.0,95,950000.0,323000.0,1.76,1672000.0,0.0,20.2,23.2,22.8,25.0
HI,2010,Hawaii,10000.0,77,770000.0,239000.0,2.75,2118000.0,0.0,21.1,23.0,22.8,24.1
HI,2011,Hawaii,9000.0,74,666000.0,246000.0,3.65,2431000.0,0.0,21.5,22.9,22.9,24.2
HI,2012,Hawaii,10000.0,75,750000.0,263000.0,4.15,3113000.0,0.0,21.0,22.7,22.7,24.1
HI,2013,Hawaii,13000.0,83,1079000.0,65000.0,1.97,2126000.0,0.0,20.7,22.3,22.5,24.6
IA,1991,Iowa,70000.0,59,4130000.0,909000.0,0.57,2354000.0,0.0,-9.7,10.8,9.8,23.7
IA,1992,Iowa,65000.0,62,4030000.0,766000.0,0.57,2297000.0,0.0,-3.9,9.5,9.4,20.8
IA,1993,Iowa,60000.0,49,2940000.0,441000.0,0.56,1646000.0,0.0,-7.5,8.8,8.2,22.8
IA,1994,Iowa,55000.0,66,3630000.0,1089000.0,0.65,2360000.0,0.0,-11.3,11.2,9.2,22.2
IA,1995,Iowa,50000.0,68,3400000.0,612000.0,0.77,2618000.0,23.7,-7.1,9.2,9.0,25.2
IA,1996,Iowa,58000.0,67,3886000.0,933000.0,0.95,3692000.0,38.6,-8.6,9.7,7.9,22.0
IA,1997,Iowa,45000.0,74,3330000.0,1765000.0,0.86,2864000.0,47.7,-9.1,9.5,9.0,23.7
IA,1998,Iowa,50000.0,78,3900000.0,2301000.0,0.7,2730000.0,322.4,-4.3,11.2,11.1,24.0
IA,1999,Iowa,40000.0,65,2600000.0,2028000.0,0.65,1690000.0,65.5,-7.8,10.7,10.4,25.7
IA,2000,Iowa,30000.0,67,2010000.0,1206000.0,0.68,1367000.0,61.4,-11.6,11.5,9.8,23.5
IA,2001,Iowa,33000.0,51,1683000.0,875000.0,0.75,1262000.0,58.2,-7.3,11.2,10.1,24.7
IA,2002,Iowa,33000.0,70,2310000.0,901000.0,1.43,3303000.0,105.8,-1.5,9.1,10.1,25.5
IA,2003,Iowa,32000.0,59,1888000.0,868000.0,1.42,2681000.0,93.0,-6.6,11.2,9.5,24.2
IA,2004,Iowa,35000.0,67,2345000.0,1337000.0,1.06,2486000.0,35238.3,-7.4,11.2,9.7,22.2
IA,2005,Iowa,28000.0,88,2464000.0,1232000.0,1.21,2981000.0,53829.4,-6.7,12.0,10.4,24.5
IA,2006,Iowa,26000.0,84,2184000.0,1441000.0,1.37,2992000.0,71809.8,-3.4,10.9,10.8,25.2
IA,2007,Iowa,26000.0,81,2106000.0,1221000.0,1.31,2759000.0,92980.3,-8.5,11.1,10.0,24.2
IA,2008,Iowa,24000.0,62,1488000.0,580000.0,1.58,2351000.0,150029.0,-7.9,9.5,8.4,23.7
IA,2009,Iowa,26000.0,42,1092000.0,339000.0,1.6,1747000.0,158088.1,-9.6,8.2,8.8,21.2
IA,2010,Iowa,27000.0,49,1323000.0,463000.0,1.92,2540000.0,185031.2,-9.6,12.9,9.6,24.5
IA,2011,Iowa,25000.0,62,1550000.0,961000.0,1.96,3038000.0,222931.1,-9.0,10.7,9.7,26.4
IA,2012,Iowa,37000.0,61,2257000.0,1196000.0,2.17,4898000.0,276854.7,-2.6,11.5,11.7,27.3
IA,2013,Iowa,39000.0,48,1872000.0,1217000.0,2.45,4586000.0,335529.9,-5.1,15.7,11.1,23.2
ID,1991,Idaho,140000.0,46,6440000.0,1739000.0,0.54,3478000.0,0.0,-7.0,5.1,5.8,19.1
ID,1992,Idaho,135000.0,51,6885000.0,1308000.0,0.52,3580000.0,0.0,-7.4,7.6,6.8,18.0
ID,1993,Idaho,133000.0,71,9443000.0,1700000.0,0.52,4910000.0,0.0,-8.3,5.4,4.5,15.1
ID,1994,Idaho,127000.0,59,7493000.0,1274000.0,0.52,3896000.0,52.7,-5.0,5.9,6.4,19.3
ID,1995,Idaho,125000.0,48,6000000.0,1020000.0,0.69,4140000.0,182.1,-4.1,4.5,6.0,17.2
ID,1996,Idaho,110000.0,45,4950000.0,1535000.0,0.88,4356000.0,1107.7,-5.5,5.4,5.7,19.2
ID,1997,Idaho,120000.0,64,7680000.0,2304000.0,0.72,5530000.0,2210.1,-5.6,4.5,5.8,18.0
ID,1998,Idaho,120000.0,50,6000000.0,2220000.0,0.65,3900000.0,2116.3,-6.0,5.4,6.4,20.3
ID,1999,Idaho,120000.0,48,5760000.0,3110000.0,0.59,3398000.0,906.8,-4.2,5.5,6.1,18.2
ID,2000,Idaho,100000.0,47,4700000.0,2679000.0,0.52,2444000.0,4524.8,-5.1,6.7,6.2,19.0
ID,2001,Idaho,100000.0,46,4600000.0,1610000.0,0.67,3082000.0,2765.5,-6.2,5.4,6.4,19.9
ID,2002,Idaho,100000.0,57,5700000.0,1653000.0,1.37,7809000.0,3489.4,-5.6,4.8,5.8,20.4
ID,2003,Idaho,100000.0,46,4600000.0,1380000.0,1.33,6118000.0,4203.8,-3.4,6.8,7.1,21.2
ID,2004,Idaho,100000.0,63,6300000.0,2520000.0,1.02,6426000.0,4566.5,-6.0,6.7,6.4,18.9
ID,2005,Idaho,95000.0,37,3515000.0,1793000.0,0.8,2812000.0,5597.9,-5.8,6.1,6.1,19.3
ID,2006,Idaho,95000.0,44,4180000.0,2592000.0,0.97,4055000.0,7928.9,-4.7,5.7,6.4,21.1
ID,2007,Idaho,92000.0,41,3772000.0,1848000.0,1.15,4338000.0,10923.7,-7.1,5.8,6.7,22.1
ID,2008,Idaho,90000.0,40,3600000.0,1440000.0,1.46,5256000.0,18230.0,-7.6,4.4,5.5,19.1
ID,2009,Idaho,103000.0,46,4738000.0,1706000.0,1.52,7202000.0,28885.5,-7.6,4.1,5.7,18.7
ID,2010,Idaho,97000.0,27,2619000.0,1179000.0,1.61,4217000.0,30260.6,-3.9,5.4,5.9,17.8
ID,2011,Idaho,87000.0,36,3132000.0,1879000.0,1.78,5575000.0,31885.0,-5.2,4.6,5.4,18.8
ID,2012,Idaho,92000.0,32,2944000.0,530000.0,1.63,4799000.0,43390.3,-4.0,6.4,7.0,20.2
ID,2013,Idaho,83000.0,32,2656000.0,1036000.0,2.02,5365000.0,39581.2,-7.3,10.6,8.5,20.7
IL,1991,Illinois,21000.0,52,1092000.0,393000.0,0.79,863000.0,0.0,-4.5,13.4,12.4,25.0
IL,1992,Illinois,16000.0,53,848000.0,237000.0,0.88,746000.0,0.0,-0.4,11.5,11.4,23.2
IL,1993,Illinois,15000.0,48,720000.0,252000.0,0.96,691000.0,0.0,-2.6,10.5,10.8,25.1
IL,1994,Illinois,13000.0,80,1040000.0,468000.0,1.04,1082000.0,0.0,-6.6,12.9,11.4,23.7
IL,1995,Illinois,11000.0,74,814000.0,212000.0,1.13,920000.0,50.0,-3.2,11.7,11.2,26.5
IL,1996,Illinois,11000.0,74,814000.0,285000.0,1.35,1099000.0,69.8,-4.1,11.2,10.4,23.6
IL,1997,Illinois,7000.0,69,483000.0,222000.0,1.27,613000.0,143.2,-5.5,10.9,10.9,24.5
IL,1998,Illinois,9000.0,71,639000.0,204000.0,1.19,760000.0,200.9,0.2,12.8,13.2,24.6
IL,1999,Illinois,9000.0,66,594000.0,327000.0,1.15,683000.0,231.0,-3.6,12.7,12.3,26.4
IL,2000,Illinois,8000.0,61,488000.0,146000.0,1.17,571000.0,416.4,-7.6,12.9,11.6,24.2
IL,2001,Illinois,6000.0,76,456000.0,251000.0,1.58,720000.0,650.8,-3.1,13.4,12.2,24.9
IL,2002,Illinois,9000.0,80,720000.0,130000.0,1.47,1058000.0,309.4,0.4,11.8,12.1,26.2
IL,2003,Illinois,7000.0,60,420000.0,252000.0,1.83,769000.0,858.6,-4.8,12.4,11.3,24.7
IL,2004,Illinois,7000.0,55,385000.0,193000.0,1.86,716000.0,49024.5,-3.9,12.9,11.8,23.2
IL,2005,Illinois,8000.0,85,680000.0,408000.0,1.84,1251000.0,59397.5,-2.9,13.3,12.4,25.1
IL,2006,Illinois,10000.0,66,660000.0,356000.0,2.14,1412000.0,50798.7,-0.4,12.6,12.6,25.6
IL,2007,Illinois,9000.0,63,567000.0,374000.0,2.49,1412000.0,80607.6,-5.4,13.0,12.4,26.2
IL,2008,Illinois,8000.0,56,448000.0,116000.0,2.59,1160000.0,111509.8,-3.1,11.8,10.8,24.1
IL,2009,Illinois,8000.0,34,272000.0,57000.0,2.55,694000.0,129031.6,-6.1,10.7,11.1,22.9
IL,2010,Illinois,9000.0,41,369000.0,92000.0,2.78,1026000.0,188107.4,-5.3,14.5,12.0,25.8
IL,2011,Illinois,7000.0,50,350000.0,98000.0,3.9,1365000.0,227276.1,-4.8,12.6,12.1,27.1
IL,2012,Illinois,7000.0,61,427000.0,145000.0,3.55,1516000.0,309854.0,0.1,12.9,13.5,28.2
IL,2013,Illinois,7000.0,48,336000.0,101000.0,4.19,1408000.0,333325.6,-1.3,18.0,13.0,23.3
IN,1991,Indiana,21000.0,50,1050000.0,368000.0,0.68,714000.0,0.0,-2.9,13.4,12.5,24.9
IN,1992,Indiana,15000.0,31,465000.0,186000.0,0.72,335000.0,0.0,-0.6,11.1,11.2,23.1
IN,1993,Indiana,12000.0,66,792000.0,364000.0,0.7,554000.0,0.0,-2.7,10.5,10.9,25.3
IN,1994,Indiana,13000.0,54,702000.0,204000.0,0.71,498000.0,0.0,-6.2,12.6,11.3,23.7
IN,1995,Indiana,12000.0,63,756000.0,166000.0,0.72,544000.0,81.3,-2.2,11.8,11.3,26.2
IN,1996,Indiana,9000.0,75,675000.0,412000.0,1.03,695000.0,617.8,-3.5,11.1,10.5,23.4
IN,1997,Indiana,8000.0,71,568000.0,352000.0,1.13,642000.0,414.7,-4.5,10.6,10.8,24.0
IN,1998,Indiana,9000.0,92,828000.0,489000.0,0.85,704000.0,93.1,1.7,12.6,13.2,23.9
IN,1999,Indiana,10000.0,81,810000.0,437000.0,0.9,729000.0,458.3,-2.5,12.4,12.3,26.3
IN,2000,Indiana,8000.0,65,520000.0,286000.0,1.03,536000.0,228.9,-6.7,12.6,11.4,23.0
IN,2001,Indiana,7000.0,76,532000.0,186000.0,0.92,489000.0,393.3,-2.6,13.2,12.3,24.0
IN,2002,Indiana,8000.0,62,496000.0,233000.0,1.19,590000.0,285.9,0.0,12.0,12.3,25.9
IN,2003,Indiana,5000.0,56,280000.0,78000.0,1.66,465000.0,576.3,-5.3,12.1,11.2,24.0
IN,2004,Indiana,7000.0,59,413000.0,145000.0,1.47,607000.0,24730.9,-3.8,12.6,11.8,23.1
IN,2005,Indiana,8000.0,64,512000.0,189000.0,1.18,604000.0,48550.7,-2.6,13.0,12.1,24.8
IN,2006,Indiana,7000.0,54,378000.0,125000.0,1.58,597000.0,42630.8,0.0,12.3,12.4,24.9
IN,2007,Indiana,8000.0,53,424000.0,119000.0,1.5,636000.0,62480.4,-6.2,13.1,12.4,25.7
IN,2008,Indiana,7000.0,67,469000.0,150000.0,1.68,788000.0,50642.4,-2.0,12.0,11.1,23.8
IN,2009,Indiana,9000.0,32,288000.0,101000.0,2.02,582000.0,66226.2,-5.6,10.9,11.2,22.7
IN,2010,Indiana,10000.0,43,430000.0,151000.0,2.23,959000.0,105513.8,-4.3,14.1,12.0,25.5
IN,2011,Indiana,8000.0,51,408000.0,147000.0,2.14,873000.0,125374.3,-4.3,12.3,12.2,26.8
IN,2012,Indiana,8000.0,59,472000.0,203000.0,2.54,1199000.0,180853.6,0.4,12.5,13.3,27.5
IN,2013,Indiana,6000.0,47,282000.0,82000.0,2.77,781000.0,184126.7,-0.9,18.6,13.1,23.1
KS,1991,Kansas,35000.0,52,1820000.0,291000.0,0.6,1092000.0,0.0,-3.2,13.7,13.4,27.0
KS,1992,Kansas,28000.0,58,1624000.0,244000.0,0.59,958000.0,0.0,-1.1,13.2,12.6,24.5
KS,1993,Kansas,23000.0,57,1311000.0,891000.0,0.56,734000.0,0.0,-3.7,11.2,11.4,25.8
KS,1994,Kansas,19000.0,47,893000.0,214000.0,0.72,643000.0,0.0,-1.6,13.2,13.0,25.4
KS,1995,Kansas,17000.0,67,1139000.0,182000.0,0.89,1014000.0,24.4,-0.4,12.0,12.5,27.2
KS,1996,Kansas,16000.0,51,816000.0,294000.0,0.94,767000.0,7.6,-2.7,12.9,12.0,25.3
KS,1997,Kansas,17000.0,71,1207000.0,688000.0,0.81,978000.0,156.7,-1.8,11.7,12.3,26.2
KS,1998,Kansas,16000.0,46,736000.0,390000.0,0.87,640000.0,20.1,0.5,13.0,13.8,26.9
KS,1999,Kansas,13000.0,67,871000.0,854000.0,1.11,967000.0,22.6,-0.0,12.9,13.6,27.4
KS,2000,Kansas,15000.0,68,1020000.0,520000.0,0.91,928000.0,28.7,-4.2,13.8,13.3,28.7
KS,2001,Kansas,13000.0,51,663000.0,530000.0,0.96,636000.0,46.9,-0.8,14.1,13.5,28.8
KS,2002,Kansas,17000.0,52,884000.0,407000.0,1.5,1326000.0,108.3,1.1,12.1,13.2,27.6
KS,2003,Kansas,16000.0,57,912000.0,447000.0,1.41,1286000.0,121.6,-0.2,14.2,13.1,28.2
KS,2004,Kansas,14000.0,80,1120000.0,683000.0,1.18,1322000.0,21711.5,-0.8,13.7,13.1,24.5
KS,2005,Kansas,16000.0,50,800000.0,328000.0,1.05,840000.0,19101.3,-1.1,13.6,13.5,26.5
KS,2006,Kansas,14000.0,55,770000.0,246000.0,1.17,901000.0,26332.0,1.5,14.2,14.1,27.8
KS,2007,Kansas,14000.0,40,560000.0,196000.0,1.18,661000.0,28056.8,-2.7,13.3,13.1,27.9
KS,2008,Kansas,10000.0,61,610000.0,128000.0,1.55,946000.0,36639.9,-1.2,11.8,12.3,26.4
KS,2009,Kansas,9000.0,63,567000.0,164000.0,1.85,1049000.0,59700.2,-3.0,10.4,12.3,24.8
KS,2010,Kansas,9000.0,52,468000.0,103000.0,2.02,945000.0,55371.6,-2.6,14.9,13.2,27.1
KS,2011,Kansas,7000.0,44,308000.0,117000.0,2.15,662000.0,73639.1,-2.5,13.7,13.2,29.9
KS,2012,Kansas,6000.0,55,330000.0,125000.0,2.28,752000.0,115430.2,1.5,14.2,14.8,29.7
KS,2013,Kansas,6000.0,46,276000.0,39000.0,2.5,690000.0,130408.6,0.2,17.8,14.6,25.7
KY,1991,Kentucky,7000.0,25,175000.0,88000.0,0.96,168000.0,0.0,1.2,15.0,14.4,25.8
KY,1992,Kentucky,4000.0,30,120000.0,54000.0,0.74,89000.0,0.0,2.1,13.2,13.2,24.9
KY,1993,Kentucky,4000.0,60,240000.0,89000.0,0.84,202000.0,0.0,1.2,12.4,13.1,26.8
KY,1994,Kentucky,3000.0,54,162000.0,57000.0,0.98,159000.0,0.0,-2.8,14.4,13.3,24.8
KY,1995,Kentucky,3000.0,44,132000.0,30000.0,1.02,135000.0,78.8,1.1,14.0,13.3,26.8
KY,1996,Kentucky,3000.0,60,180000.0,23000.0,1.28,230000.0,34.5,0.1,12.9,12.7,24.2
KY,1997,Kentucky,3000.0,60,180000.0,54000.0,1.48,266000.0,1370.3,0.1,12.2,12.9,25.2
KY,1998,Kentucky,3000.0,50,150000.0,51000.0,1.4,210000.0,3317.9,4.8,14.1,14.9,25.0
KY,1999,Kentucky,3000.0,50,150000.0,12000.0,1.24,186000.0,4566.6,2.9,14.4,14.3,26.9
KY,2000,Kentucky,4000.0,48,192000.0,54000.0,1.35,259000.0,3284.7,-2.9,14.1,13.5,24.3
KY,2001,Kentucky,4000.0,78,312000.0,125000.0,1.41,440000.0,2705.4,-0.1,14.7,14.0,25.2
KY,2002,Kentucky,5000.0,54,270000.0,78000.0,1.63,440000.0,3000.1,2.7,14.7,14.2,26.4
KY,2003,Kentucky,5000.0,48,240000.0,14000.0,1.67,401000.0,2330.4,-1.9,14.3,13.3,25.0
KY,2004,Kentucky,5000.0,56,280000.0,34000.0,1.96,549000.0,5523.5,0.3,14.6,13.9,24.1
KY,2005,Kentucky,5000.0,50,250000.0,40000.0,2.08,520000.0,4193.3,0.8,14.4,14.1,26.1
KY,2006,Kentucky,5000.0,56,280000.0,70000.0,2.19,613000.0,9809.5,2.3,14.3,14.1,25.7
KY,2007,Kentucky,4000.0,61,244000.0,54000.0,2.12,517000.0,13924.8,-1.3,14.6,14.6,27.7
KY,2008,Kentucky,4000.0,39,156000.0,27000.0,2.44,381000.0,12936.8,0.8,13.7,13.3,24.6
KY,2009,Kentucky,5000.0,35,175000.0,25000.0,2.71,474000.0,17240.5,-1.0,12.9,13.3,23.9
KY,2010,Kentucky,5000.0,67,335000.0,67000.0,2.72,911000.0,28909.9,-1.5,15.4,13.7,26.4
KY,2011,Kentucky,4000.0,39,156000.0,12000.0,3.17,495000.0,35711.5,-1.0,14.3,14.2,27.1
KY,2012,Kentucky,5000.0,51,255000.0,41000.0,3.15,803000.0,40419.9,3.7,14.5,15.0,27.6
KY,2013,Kentucky,3000.0,41,123000.0,17000.0,3.25,400000.0,51718.0,2.7,18.9,14.9,24.0
LA,1991,Louisiana,40000.0,70,2800000.0,168000.0,0.53,1484000.0,0.0,8.9,20.8,19.7,28.1
LA,1992,Louisiana,45000.0,107,4815000.0,385000.0,0.51,2456000.0,0.0,9.3,19.2,19.1,28.0
LA,1993,Louisiana,47000.0,86,4042000.0,1213000.0,0.52,2102000.0,0.0,10.6,18.1,19.0,28.9
LA,1994,Louisiana,35000.0,98,3430000.0,515000.0,0.46,1578000.0,0.0,8.6,20.0,19.5,27.3
LA,1995,Louisiana,33000.0,119,3927000.0,275000.0,0.63,2474000.0,945.9,10.5,19.5,19.7,29.1
LA,1996,Louisiana,37000.0,106,3922000.0,784000.0,0.83,3255000.0,1406.4,9.7,19.0,19.3,28.2
LA,1997,Louisiana,44000.0,115,5060000.0,759000.0,0.7,3542000.0,493.8,9.7,18.8,19.2,28.6
LA,1998,Louisiana,41000.0,111,4551000.0,865000.0,0.59,2685000.0,433.8,12.1,19.9,20.6,29.9
LA,1999,Louisiana,48000.0,114,5472000.0,821000.0,0.49,2681000.0,628.4,10.9,20.6,20.3,29.6
LA,2000,Louisiana,43000.0,94,4042000.0,1334000.0,0.52,2102000.0,2964.7,6.8,19.4,19.9,29.4
LA,2001,Louisiana,45000.0,106,4770000.0,572000.0,0.6,2862000.0,3264.2,7.8,19.9,19.6,28.4
LA,2002,Louisiana,35000.0,124,4340000.0,347000.0,1.16,5034000.0,1605.8,10.0,21.2,19.7,28.3
LA,2003,Louisiana,34000.0,90,3060000.0,275000.0,1.24,3794000.0,2574.4,7.9,20.0,19.5,28.4
LA,2004,Louisiana,35000.0,98,3430000.0,240000.0,0.79,2710000.0,13017.1,9.8,21.3,19.9,27.8
LA,2005,Louisiana,35000.0,97,3395000.0,611000.0,0.72,2444000.0,9497.4,9.9,19.5,20.1,29.0
LA,2006,Louisiana,30000.0,90,2700000.0,675000.0,0.9,2430000.0,20781.5,10.8,21.2,20.2,29.1
LA,2007,Louisiana,29000.0,89,2581000.0,413000.0,1.08,2787000.0,15299.3,9.9,19.5,20.0,29.3
LA,2008,Louisiana,40000.0,77,3080000.0,493000.0,1.36,4189000.0,26733.7,9.3,19.3,19.6,28.6
LA,2009,Louisiana,37000.0,103,3811000.0,610000.0,1.36,5183000.0,24195.4,9.2,19.3,19.7,28.4
LA,2010,Louisiana,36000.0,80,2880000.0,288000.0,1.5,4320000.0,28646.6,7.4,20.3,19.5,29.8
LA,2011,Louisiana,36000.0,77,2772000.0,471000.0,1.67,4629000.0,46751.7,8.4,20.4,20.2,30.7
LA,2012,Louisiana,41000.0,86,3526000.0,141000.0,1.83,6453000.0,45566.9,13.1,20.5,20.8,28.3
LA,2013,Louisiana,50000.0,98,4900000.0,490000.0,1.89,9261000.0,37552.1,11.7,22.4,21.0,28.1
MD,1991,Maryland,7000.0,25,175000.0,60000.0,1.12,196000.0,0.0,1.8,13.5,13.9,25.6
MD,1992,Maryland,6000.0,23,138000.0,51000.0,0.99,137000.0,0.0,2.1,11.6,12.2,24.4
MD,1993,Maryland,7000.0,27,189000.0,77000.0,1.47,278000.0,0.0,0.1,12.0,12.6,25.9
MD,1994,Maryland,7000.0,36,252000.0,83000.0,1.08,272000.0,0.0,-2.9,13.6,12.7,25.4
MD,1995,Maryland,7000.0,35,245000.0,81000.0,1.03,252000.0,361.9,0.2,13.4,12.7,25.6
MD,1996,Maryland,7000.0,32,224000.0,40000.0,1.21,271000.0,864.0,-0.4,12.7,12.1,23.3
MD,1997,Maryland,6000.0,40,240000.0,65000.0,1.59,382000.0,475.1,0.9,12.0,12.6,24.5
MD,1998,Maryland,7000.0,44,308000.0,92000.0,1.1,339000.0,474.7,4.8,13.5,14.2,24.4
MD,1999,Maryland,6000.0,46,276000.0,50000.0,1.64,453000.0,313.0,2.5,12.4,13.4,26.3
MD,2000,Maryland,6000.0,46,276000.0,52000.0,1.14,315000.0,318.2,-1.1,12.8,12.5,22.8
MD,2001,Maryland,4000.0,46,184000.0,55000.0,1.6,294000.0,339.5,0.4,13.1,13.2,24.7
MD,2002,Maryland,3000.0,46,138000.0,21000.0,1.96,270000.0,562.5,1.6,13.8,13.7,25.5
MD,2003,Maryland,2000.0,42,84000.0,21000.0,1.93,162000.0,268.0,-1.6,12.1,12.4,24.6
ME,1991,Maine,13000.0,42,546000.0,213000.0,0.69,377000.0,0.0,-10.7,6.5,5.6,18.7
ME,1992,Maine,15000.0,22,330000.0,122000.0,0.77,254000.0,0.0,-9.8,4.2,4.5,17.4
ME,1993,Maine,13000.0,50,650000.0,215000.0,0.68,442000.0,0.0,-13.3,4.7,4.6,18.7
ME,1994,Maine,8000.0,55,440000.0,172000.0,0.6,264000.0,0.0,-15.1,5.8,4.9,20.3
ME,1995,Maine,11000.0,45,495000.0,223000.0,0.97,480000.0,2092.3,-10.3,5.8,5.2,20.0
ME,1996,Maine,9000.0,23,207000.0,21000.0,1.06,219000.0,3235.5,-10.0,5.2,5.2,18.1
ME,1997,Maine,8000.0,19,152000.0,9000.0,0.7,106000.0,2408.3,-9.7,4.5,4.6,18.7
ME,1998,Maine,10000.0,26,260000.0,117000.0,0.69,179000.0,2915.3,-7.3,6.4,6.6,19.0
ME,1999,Maine,14000.0,22,308000.0,89000.0,0.83,256000.0,4802.6,-9.3,5.3,6.7,19.9
ME,2000,Maine,11000.0,21,231000.0,143000.0,0.75,173000.0,4299.4,-9.6,5.5,5.2,17.5
ME,2001,Maine,11000.0,20,220000.0,106000.0,0.79,174000.0,3353.3,-9.6,6.0,6.1,19.6
ME,2002,Maine,11000.0,41,451000.0,266000.0,1.21,546000.0,4961.0,-6.2,5.1,5.6,19.3
ME,2003,Maine,8000.0,33,264000.0,145000.0,1.41,372000.0,5262.8,-12.4,4.7,4.9,19.0
ME,2004,Maine,7000.0,31,217000.0,37000.0,1.28,278000.0,5202.1,-14.1,5.9,4.8,18.3
ME,2005,Maine,8000.0,26,208000.0,193000.0,1.66,345000.0,3106.7,-11.3,6.8,5.7,19.3
ME,2006,Maine,11000.0,23,253000.0,86000.0,1.6,405000.0,3085.7,-7.2,6.5,6.8,20.4
ME,2007,Maine,9000.0,26,234000.0,59000.0,1.32,309000.0,2243.6,-11.1,6.4,5.1,18.3
ME,2008,Maine,7000.0,42,294000.0,79000.0,1.57,462000.0,6593.5,-7.5,6.2,5.6,19.8
ME,2009,Maine,6000.0,50,300000.0,51000.0,1.95,585000.0,5018.4,-13.1,5.5,5.2,19.1
ME,2010,Maine,5000.0,41,205000.0,33000.0,2.05,420000.0,4576.5,-6.3,7.3,7.2,20.7
ME,2011,Maine,4000.0,30,120000.0,17000.0,1.98,238000.0,5146.3,-8.8,6.5,6.2,19.8
ME,2012,Maine,4000.0,34,136000.0,24000.0,2.39,325000.0,3774.9,-7.4,7.3,6.8,19.9
ME,2013,Maine,7000.0,43,301000.0,27000.0,3.14,945000.0,3843.1,-8.8,11.6,7.5,20.3
MI,1991,Michigan,105000.0,73,7665000.0,2683000.0,0.57,4369000.0,0.0,-7.4,8.7,8.1,20.6
MI,1992,Michigan,95000.0,68,6460000.0,2067000.0,0.59,3811000.0,0.0,-4.4,6.2,6.7,17.4
MI,1993,Michigan,90000.0,77,6930000.0,2980000.0,0.57,3950000.0,0.0,-7.3,6.1,6.7,20.7
MI,1994,Michigan,90000.0,86,7740000.0,3870000.0,0.55,4257000.0,0.0,-11.9,8.4,7.0,19.9
MI,1995,Michigan,97000.0,92,8924000.0,3570000.0,0.78,6961000.0,1710.1,-6.7,7.1,7.2,22.2
MI,1996,Michigan,90000.0,96,8640000.0,4320000.0,1.01,8726000.0,6142.1,-7.9,6.4,6.2,20.1
MI,1997,Michigan,85000.0,70,5950000.0,3273000.0,0.77,4582000.0,3732.4,-7.5,6.8,6.8,19.9
MI,1998,Michigan,80000.0,85,6800000.0,3672000.0,0.66,4488000.0,5238.3,-3.4,9.0,9.4,20.9
MI,1999,Michigan,73000.0,85,6205000.0,3475000.0,0.66,4095000.0,3453.0,-7.4,8.1,8.4,22.3
MI,2000,Michigan,72000.0,75,5400000.0,2970000.0,0.6,3240000.0,5003.6,-8.3,8.3,7.6,19.3
MI,2001,Michigan,76000.0,60,4560000.0,2827000.0,0.81,3694000.0,4116.2,-5.2,8.5,8.5,21.2
MI,2002,Michigan,72000.0,77,5544000.0,1885000.0,1.4,7762000.0,3735.7,-2.7,6.8,8.0,22.6
MI,2003,Michigan,65000.0,74,4810000.0,1732000.0,1.41,6782000.0,4699.3,-8.4,6.8,7.0,20.8
MI,2004,Michigan,65000.0,67,4355000.0,2439000.0,1.16,5052000.0,11956.8,-9.5,8.2,7.3,19.3
MI,2005,Michigan,65000.0,68,4420000.0,2519000.0,0.94,4155000.0,16791.6,-7.3,9.3,8.1,21.5
MI,2006,Michigan,72000.0,55,3960000.0,2099000.0,1.15,4554000.0,22293.0,-5.0,8.0,8.6,22.0
MI,2007,Michigan,72000.0,64,4608000.0,2350000.0,1.19,5484000.0,29333.0,-9.0,9.1,8.1,20.8
MI,2008,Michigan,71000.0,73,5183000.0,2021000.0,1.44,7464000.0,32531.8,-7.3,8.1,7.0,20.4
MI,2009,Michigan,66000.0,60,3960000.0,1505000.0,1.55,6138000.0,40332.8,-10.3,6.8,6.9,18.9
MI,2010,Michigan,71000.0,58,4118000.0,1524000.0,1.67,6877000.0,42550.7,-5.5,9.8,8.7,22.1
MI,2011,Michigan,74000.0,64,4736000.0,2084000.0,1.81,8572000.0,52350.5,-7.9,7.8,7.8,22.7
MI,2012,Michigan,73000.0,57,4161000.0,1332000.0,2.03,8447000.0,65881.9,-3.4,7.9,9.3,23.1
MI,2013,Michigan,85000.0,55,4675000.0,982000.0,2.16,10098000.0,81190.9,-5.9,13.6,8.7,20.6
MN,1991,Minnesota,180000.0,91,16380000.0,2457000.0,0.54,8845000.0,0.0,-13.9,6.8,5.8,20.9
MN,1992,Minnesota,190000.0,90,17100000.0,3591000.0,0.54,9234000.0,0.0,-9.8,5.4,5.3,17.3
MN,1993,Minnesota,180000.0,80,14400000.0,2160000.0,0.53,7632000.0,0.0,-12.7,5.3,4.2,19.6
MN,1994,Minnesota,170000.0,79,13430000.0,2149000.0,0.52,6984000.0,0.0,-18.7,7.5,5.3,19.3
MN,1995,Minnesota,165000.0,82,13530000.0,1218000.0,0.7,9471000.0,834.7,-10.8,5.0,5.0,21.3
MN,1996,Minnesota,150000.0,77,11550000.0,1617000.0,0.9,10395000.0,6288.3,-16.7,5.1,3.5,20.1
MN,1997,Minnesota,145000.0,73,10585000.0,2011000.0,0.74,7833000.0,4246.7,-14.8,6.0,5.1,20.3
MN,1998,Minnesota,140000.0,79,11060000.0,2765000.0,0.65,7189000.0,2492.2,-9.7,8.6,7.4,20.9
MN,1999,Minnesota,145000.0,82,11890000.0,3210000.0,0.61,7253000.0,5829.8,-13.1,7.1,6.8,22.1
MN,2000,Minnesota,150000.0,90,13500000.0,3105000.0,0.57,7695000.0,3226.1,-16.0,7.4,5.7,20.6
MN,2001,Minnesota,135000.0,81,10935000.0,1859000.0,0.65,7108000.0,4105.1,-13.7,6.7,6.4,21.6
MN,2002,Minnesota,117000.0,73,8541000.0,1110000.0,1.47,12555000.0,4874.4,-7.5,4.1,5.8,22.7
MN,2003,Minnesota,120000.0,83,9960000.0,1892000.0,1.44,14342000.0,1768.8,-12.0,7.4,5.6,21.7
MN,2004,Minnesota,135000.0,75,10125000.0,1924000.0,1.08,10935000.0,13573.6,-14.7,7.3,5.4,19.6
MN,2005,Minnesota,120000.0,74,8880000.0,1598000.0,0.9,7992000.0,27054.5,-13.2,8.7,6.4,21.7
MN,2006,Minnesota,125000.0,80,10000000.0,3300000.0,0.94,9400000.0,40110.3,-10.5,7.5,7.1,23.2
MN,2007,Minnesota,130000.0,68,8840000.0,2564000.0,1.04,9194000.0,46841.6,-13.3,7.4,6.0,21.8
MN,2008,Minnesota,122000.0,78,9516000.0,2569000.0,1.39,13227000.0,72192.7,-13.7,6.0,4.4,20.6
MN,2009,Minnesota,122000.0,65,7930000.0,1427000.0,1.44,11419000.0,88769.6,-16.1,5.0,4.8,18.4
MN,2010,Minnesota,128000.0,66,8448000.0,1774000.0,1.55,13094000.0,109736.0,-12.5,9.7,6.3,21.7
MN,2011,Minnesota,120000.0,53,6360000.0,2099000.0,1.63,10367000.0,171089.8,-14.5,7.6,5.8,22.9
MN,2012,Minnesota,125000.0,67,8375000.0,1591000.0,1.92,16080000.0,190164.9,-8.3,6.8,7.6,23.8
MN,2013,Minnesota,130000.0,58,7540000.0,1282000.0,1.99,15005000.0,199628.6,-11.2,12.0,6.8,20.9
MO,1991,Missouri,28000.0,65,1820000.0,528000.0,0.62,1128000.0,0.0,-3.0,14.6,13.7,26.1
MO,1992,Missouri,25000.0,77,1925000.0,366000.0,0.65,1251000.0,0.0,1.3,13.3,12.9,24.7
MO,1993,Missouri,24000.0,73,1752000.0,298000.0,0.59,1034000.0,0.0,-1.3,11.6,12.0,26.2
MO,1994,Missouri,25000.0,77,1925000.0,270000.0,0.53,1020000.0,0.0,-3.2,14.0,12.9,24.4
MO,1995,Missouri,23000.0,67,1541000.0,308000.0,0.73,1125000.0,262.7,-1.4,13.3,12.6,27.2
MO,1996,Missouri,22000.0,74,1628000.0,326000.0,0.92,1498000.0,374.8,-2.4,12.7,11.9,24.4
MO,1997,Missouri,24000.0,77,1848000.0,517000.0,0.78,1441000.0,465.6,-3.0,12.2,12.4,25.9
MO,1998,Missouri,23000.0,66,1518000.0,455000.0,0.76,1154000.0,2264.3,1.8,13.8,14.3,26.1
MO,1999,Missouri,24000.0,65,1560000.0,437000.0,0.68,1061000.0,1382.0,-0.8,14.1,13.9,27.2
MO,2000,Missouri,23000.0,75,1725000.0,362000.0,0.6,1035000.0,2756.9,-5.9,14.3,13.2,27.0
MO,2001,Missouri,22000.0,61,1342000.0,336000.0,0.71,953000.0,1112.6,-1.4,14.8,13.6,26.7
MO,2002,Missouri,18000.0,50,900000.0,189000.0,1.42,1278000.0,1606.0,1.9,13.2,13.4,26.8
MO,2003,Missouri,17000.0,53,901000.0,189000.0,1.41,1270000.0,1094.7,-2.4,14.2,12.9,26.6
MO,2004,Missouri,16000.0,41,656000.0,151000.0,1.36,892000.0,22759.9,-1.2,14.3,13.1,24.1
MO,2005,Missouri,15000.0,50,750000.0,180000.0,1.22,915000.0,21720.3,-0.6,14.1,13.8,26.2
MO,2006,Missouri,15000.0,46,690000.0,117000.0,0.98,676000.0,27482.9,1.3,14.4,14.1,26.7
MO,2007,Missouri,14000.0,46,644000.0,148000.0,1.12,721000.0,42642.3,-1.7,13.9,13.8,28.0
MO,2008,Missouri,11000.0,53,583000.0,152000.0,1.68,979000.0,37611.0,-0.7,12.5,12.3,25.4
MO,2009,Missouri,11000.0,47,517000.0,57000.0,1.99,1029000.0,58784.7,-2.4,11.5,12.6,24.2
MO,2010,Missouri,11000.0,52,572000.0,92000.0,1.8,1030000.0,60174.7,-3.7,15.5,13.3,26.8
MO,2011,Missouri,8000.0,43,344000.0,76000.0,2.14,736000.0,93433.9,-2.9,14.2,13.5,28.7
MO,2012,Missouri,7000.0,53,371000.0,108000.0,2.8,1039000.0,101014.0,2.4,14.9,15.1,29.3
MO,2013,Missouri,10000.0,47,470000.0,85000.0,2.62,1231000.0,99192.4,0.9,18.0,14.4,24.5
MS,1991,Mississippi,28000.0,36,1008000.0,71000.0,0.52,524000.0,0.0,7.4,19.1,18.4,27.9
MS,1992,Mississippi,25000.0,65,1625000.0,163000.0,0.51,829000.0,0.0,7.3,17.6,17.6,27.5
MS,1993,Mississippi,17000.0,61,1037000.0,114000.0,0.49,508000.0,0.0,8.3,16.6,17.5,28.4
MS,1994,Mississippi,19000.0,53,1007000.0,352000.0,0.48,483000.0,0.0,5.5,18.8,18.0,26.6
MS,1995,Mississippi,16000.0,70,1120000.0,146000.0,0.68,762000.0,1533.6,8.0,18.1,18.0,28.7
MS,1996,Mississippi,17000.0,80,1360000.0,299000.0,0.87,1183000.0,696.6,7.2,17.3,17.7,27.5
MS,1997,Mississippi,19000.0,73,1387000.0,777000.0,0.73,1013000.0,2569.0,7.6,17.2,17.7,27.9
MS,1998,Mississippi,18000.0,86,1548000.0,898000.0,0.58,898000.0,1404.8,9.7,18.7,19.3,28.8
MS,1999,Mississippi,18000.0,73,1314000.0,591000.0,0.54,710000.0,2514.3,9.0,19.3,18.8,28.7
MS,2000,Mississippi,17000.0,72,1224000.0,649000.0,0.69,845000.0,851.4,4.1,17.9,18.4,29.1
MS,2001,Mississippi,17000.0,66,1122000.0,224000.0,0.89,999000.0,4795.9,5.4,18.3,18.2,27.9
MS,2002,Mississippi,18000.0,78,1404000.0,281000.0,1.23,1727000.0,7697.7,8.3,19.9,18.4,27.9
MS,2003,Mississippi,21000.0,69,1449000.0,246000.0,1.29,1869000.0,7172.6,5.2,18.5,17.9,27.7
MS,2004,Mississippi,18000.0,65,1170000.0,421000.0,0.79,924000.0,14585.7,7.8,19.5,18.3,27.1
MS,2005,Mississippi,16000.0,80,1280000.0,346000.0,0.67,858000.0,30058.0,7.3,17.9,18.5,28.4
MS,2006,Mississippi,14000.0,98,1372000.0,453000.0,0.93,1276000.0,36565.3,8.1,19.4,18.8,29.0
MS,2007,Mississippi,15000.0,92,1380000.0,166000.0,0.91,1256000.0,27762.5,8.1,18.3,18.9,29.7
MS,2008,Mississippi,14000.0,98,1372000.0,110000.0,1.3,1784000.0,36371.7,6.8,17.7,18.0,28.0
MS,2009,Mississippi,14000.0,104,1456000.0,87000.0,1.32,1922000.0,27676.6,7.3,17.6,18.1,27.4
MS,2010,Mississippi,16000.0,98,1568000.0,78000.0,1.44,2258000.0,42906.5,5.2,19.0,18.1,29.4
MS,2011,Mississippi,18000.0,115,2070000.0,104000.0,1.53,3167000.0,52322.7,6.1,18.4,18.6,29.0
MS,2012,Mississippi,18000.0,118,2124000.0,64000.0,1.77,3759000.0,50137.3,10.9,19.1,19.3,28.4
MS,2013,Mississippi,17000.0,116,1972000.0,39000.0,1.86,3668000.0,47843.9,9.7,21.2,19.4,27.1
MT,1991,Montana,86000.0,92,7912000.0,1187000.0,0.57,4510000.0,0.0,-9.2,4.8,6.2,20.5
MT,1992,Montana,87000.0,110,9570000.0,1818000.0,0.55,5264000.0,0.0,-9.4,6.9,6.5,16.6
MT,1993,Montana,95000.0,98,9310000.0,1583000.0,0.54,5027000.0,0.0,-10.9,5.8,4.4,15.6
MT,1994,Montana,119000.0,105,12495000.0,3624000.0,0.52,6497000.0,0.0,-9.4,6.0,6.1,19.4
MT,1995,Montana,106000.0,80,8480000.0,1781000.0,0.72,6106000.0,7.9,-6.3,4.4,5.5,18.2
MT,1996,Montana,117000.0,60,7020000.0,1825000.0,0.88,6178000.0,89.0,-11.6,5.5,4.1,19.4
MT,1997,Montana,107000.0,120,12840000.0,4237000.0,0.74,9502000.0,128.3,-10.0,4.4,5.8,18.4
MT,1998,Montana,115000.0,122,14030000.0,5472000.0,0.64,8979000.0,44.5,-7.4,6.7,6.7,20.8
MT,1999,Montana,122000.0,70,8540000.0,2135000.0,0.6,5124000.0,264.2,-5.6,5.9,6.8,19.3
MT,2000,Montana,124000.0,88,10912000.0,4692000.0,0.59,6438000.0,616.7,-9.1,6.4,5.8,20.4
MT,2001,Montana,136000.0,102,13872000.0,4578000.0,0.67,9294000.0,302.6,-8.7,5.6,6.6,20.7
MT,2002,Montana,134000.0,63,8442000.0,1097000.0,1.38,11650000.0,109.3,-6.8,2.9,5.3,21.1
MT,2003,Montana,145000.0,66,9570000.0,1914000.0,1.44,13781000.0,179.1,-6.1,7.7,6.4,21.5
MT,2004,Montana,140000.0,77,10780000.0,3773000.0,1.08,11642000.0,388.4,-8.4,6.6,6.1,19.1
MT,2005,Montana,130000.0,67,8710000.0,3136000.0,0.86,7491000.0,621.9,-7.9,6.7,6.2,19.9
MT,2006,Montana,132000.0,79,10428000.0,1981000.0,0.95,9907000.0,401.1,-5.1,5.9,6.9,22.0
MT,2007,Montana,135000.0,68,9180000.0,2479000.0,0.99,9088000.0,328.3,-6.0,6.0,6.7,23.1
MT,2008,Montana,134000.0,70,9380000.0,4596000.0,1.37,12851000.0,1027.3,-10.1,4.9,5.3,19.4
MT,2009,Montana,146000.0,70,10220000.0,3577000.0,1.46,14921000.0,5717.4,-11.2,3.4,5.1,18.2
MT,2010,Montana,157000.0,74,11618000.0,2905000.0,1.58,18356000.0,12756.1,-7.1,6.8,5.4,18.1
MT,2011,Montana,145000.0,92,13340000.0,3202000.0,1.7,22678000.0,12706.5,-8.7,5.4,5.4,19.5
MT,2012,Montana,145000.0,52,7540000.0,2413000.0,1.95,14703000.0,13263.0,-5.9,6.0,7.0,21.6
MT,2013,Montana,159000.0,94,14946000.0,5231000.0,2.09,31237000.0,25425.7,-5.9,11.4,8.5,19.9
NC,1991,North Carolina,18000.0,58,1044000.0,167000.0,0.66,689000.0,0.0,5.8,16.0,16.1,26.5
NC,1992,North Carolina,15000.0,45,675000.0,95000.0,0.79,533000.0,0.0,5.8,14.2,14.9,26.3
NC,1993,North Carolina,15000.0,53,795000.0,143000.0,0.9,716000.0,0.0,4.7,14.3,15.2,27.5
NC,1994,North Carolina,15000.0,59,885000.0,266000.0,0.95,841000.0,0.0,2.5,15.7,15.4,25.7
NC,1995,North Carolina,12000.0,52,624000.0,162000.0,0.84,524000.0,610.6,3.8,16.1,15.1,26.1
NC,1996,North Carolina,12000.0,44,528000.0,53000.0,1.04,549000.0,1881.2,3.8,14.9,14.7,25.2
NC,1997,North Carolina,8000.0,58,464000.0,139000.0,1.19,552000.0,8065.8,5.0,14.2,14.9,25.7
NC,1998,North Carolina,8000.0,59,472000.0,151000.0,1.38,651000.0,6576.4,7.2,15.7,16.4,26.2
NC,1999,North Carolina,9000.0,46,414000.0,104000.0,1.62,671000.0,3549.8,6.8,15.6,15.8,26.4
NC,2000,North Carolina,11000.0,49,539000.0,243000.0,1.43,771000.0,2145.2,2.1,15.0,15.1,24.6
NC,2001,North Carolina,13000.0,44,572000.0,172000.0,1.48,847000.0,3898.4,4.3,15.2,15.6,25.3
NC,2002,North Carolina,16000.0,42,672000.0,74000.0,1.41,948000.0,5348.2,5.1,17.2,16.0,26.5
NC,2003,North Carolina,10000.0,44,440000.0,79000.0,1.92,845000.0,3594.7,2.7,15.0,15.3,25.7
NC,2004,North Carolina,9000.0,40,360000.0,72000.0,1.93,695000.0,11303.3,3.5,16.0,15.6,25.6
NC,2005,North Carolina,10000.0,54,540000.0,146000.0,1.88,1015000.0,11520.3,4.8,15.7,15.7,26.7
NC,2006,North Carolina,10000.0,50,500000.0,215000.0,1.57,785000.0,19809.3,5.8,15.7,15.9,26.2
NC,2007,North Carolina,12000.0,45,540000.0,76000.0,2.49,1345000.0,19637.4,4.2,16.6,16.2,27.4
NC,2008,North Carolina,12000.0,52,624000.0,137000.0,2.18,1360000.0,25470.4,4.7,14.9,15.5,25.4
NC,2009,North Carolina,11000.0,45,495000.0,84000.0,2.57,1272000.0,27915.8,4.0,15.2,15.3,25.5
NC,2010,North Carolina,13000.0,46,598000.0,144000.0,2.66,1591000.0,22927.5,1.2,16.4,15.4,26.7
NC,2011,North Carolina,14000.0,62,868000.0,95000.0,2.83,2456000.0,37683.7,2.7,15.8,16.1,27.0
NC,2012,North Carolina,13000.0,39,507000.0,106000.0,3.76,1906000.0,49150.7,6.9,15.5,16.3,27.3
NC,2013,North Carolina,10000.0,38,380000.0,84000.0,3.67,1395000.0,46818.3,5.7,18.8,16.5,25.4
ND,1991,North Dakota,215000.0,103,22145000.0,3100000.0,0.54,11958000.0,0.0,-14.0,6.0,6.0,21.9
ND,1992,North Dakota,240000.0,91,21840000.0,2184000.0,0.53,11575000.0,0.0,-12.5,5.7,5.4,17.5
ND,1993,North Dakota,220000.0,90,19800000.0,2772000.0,0.52,10296000.0,0.0,-14.3,5.5,3.8,18.5
ND,1994,North Dakota,235000.0,138,32430000.0,7459000.0,0.48,15566000.0,0.0,-18.5,7.0,4.8,19.2
ND,1995,North Dakota,220000.0,108,23760000.0,3802000.0,0.67,15919000.0,0.0,-12.2,4.5,4.5,21.2
ND,1996,North Dakota,230000.0,86,19780000.0,4945000.0,0.9,17802000.0,0.0,-17.4,4.4,2.8,21.0
ND,1997,North Dakota,245000.0,100,24500000.0,7350000.0,0.74,18130000.0,951.0,-16.7,5.0,5.1,20.7
ND,1998,North Dakota,230000.0,128,29440000.0,8832000.0,0.63,18547000.0,2019.4,-11.8,8.0,6.5,21.9
ND,1999,North Dakota,255000.0,105,26775000.0,8836000.0,0.59,15797000.0,7948.8,-13.6,6.3,6.4,21.0
ND,2000,North Dakota,300000.0,115,34500000.0,13800000.0,0.57,19665000.0,5383.0,-16.1,6.9,5.4,21.4
ND,2001,North Dakota,280000.0,96,26880000.0,9408000.0,0.69,18547000.0,3216.2,-14.6,6.0,6.0,21.7
ND,2002,North Dakota,320000.0,75,24000000.0,8160000.0,1.46,35040000.0,3736.6,-8.4,2.8,5.4,22.8
ND,2003,North Dakota,340000.0,87,29580000.0,6803000.0,1.36,40229000.0,3017.6,-12.6,8.2,5.3,22.9
ND,2004,North Dakota,390000.0,78,30420000.0,9126000.0,1.05,31941000.0,13194.2,-15.4,6.8,5.1,20.1
ND,2005,North Dakota,370000.0,91,33670000.0,8418000.0,0.83,27946000.0,12786.4,-14.1,8.0,6.1,21.5
ND,2006,North Dakota,350000.0,74,25900000.0,7770000.0,0.91,23569000.0,14274.1,-9.1,7.0,6.9,23.7
ND,2007,North Dakota,420000.0,74,31080000.0,9013000.0,0.96,29837000.0,22067.0,-13.3,6.6,5.8,23.3
ND,2008,North Dakota,400000.0,90,36000000.0,8640000.0,1.36,48960000.0,40652.9,-14.8,5.8,4.4,21.1
ND,2009,North Dakota,450000.0,77,34650000.0,7623000.0,1.38,47817000.0,57265.2,-14.7,3.9,4.0,18.6
ND,2010,North Dakota,510000.0,91,46410000.0,12995000.0,1.5,69615000.0,60802.5,-12.3,8.8,5.3,21.0
ND,2011,North Dakota,460000.0,71,32660000.0,7512000.0,1.67,54542000.0,52445.7,-14.1,6.7,5.2,22.3
ND,2012,North Dakota,480000.0,69,33120000.0,5962000.0,1.92,63590000.0,96581.7,-10.3,6.6,7.1,23.8
ND,2013,North Dakota,480000.0,69,33120000.0,6955000.0,2.04,67565000.0,142936.2,-11.3,12.4,6.9,20.8
NE,1991,Nebraska,108000.0,67,7236000.0,1302000.0,0.53,3835000.0,0.0,-6.6,10.0,10.3,24.0
NE,1992,Nebraska,96000.0,75,7200000.0,792000.0,0.53,3816000.0,0.0,-5.0,10.0,9.7,20.5
NE,1993,Nebraska,83000.0,70,5810000.0,930000.0,0.53,3079000.0,0.0,-7.4,8.6,8.1,22.0
NE,1994,Nebraska,72000.0,55,3960000.0,1465000.0,0.56,2218000.0,0.0,-6.0,10.3,9.8,22.6
NE,1995,Nebraska,60000.0,73,4380000.0,1402000.0,0.73,3197000.0,30.1,-3.9,8.2,9.5,25.0
NE,1996,Nebraska,65000.0,75,4875000.0,1755000.0,0.92,4485000.0,1.9,-7.2,9.6,8.3,22.5
NE,1997,Nebraska,61000.0,67,4087000.0,2738000.0,0.77,3147000.0,539.3,-6.2,8.6,9.5,23.9
NE,1998,Nebraska,64000.0,70,4480000.0,2240000.0,0.86,3853000.0,591.3,-3.0,10.0,10.6,24.5
NE,1999,Nebraska,58000.0,77,4466000.0,1965000.0,0.61,2724000.0,396.8,-3.2,9.7,10.8,24.9
NE,2000,Nebraska,50000.0,87,4350000.0,2610000.0,0.59,2567000.0,2204.3,-7.4,10.6,10.2,25.0
NE,2001,Nebraska,43000.0,48,2064000.0,1115000.0,0.72,1486000.0,1575.7,-5.6,10.6,10.4,25.5
NE,2002,Nebraska,43000.0,75,3225000.0,1161000.0,1.49,4805000.0,669.3,-1.4,8.5,10.3,26.4
NE,2003,Nebraska,45000.0,74,3330000.0,1299000.0,1.38,4595000.0,544.8,-3.8,11.6,10.2,25.3
NE,2004,Nebraska,51000.0,89,4539000.0,2043000.0,1.01,4584000.0,43818.3,-4.4,10.9,10.2,22.7
NE,2005,Nebraska,40000.0,68,2720000.0,2530000.0,0.87,2366000.0,52884.7,-4.8,10.6,10.7,25.0
NE,2006,Nebraska,47000.0,73,3431000.0,3843000.0,0.93,3191000.0,34498.1,-2.2,10.5,10.9,25.9
NE,2007,Nebraska,45000.0,49,2205000.0,1477000.0,1.03,2271000.0,49582.5,-5.6,10.2,10.3,25.2
NE,2008,Nebraska,36000.0,67,2412000.0,1254000.0,1.45,3497000.0,82047.8,-5.8,8.8,9.0,24.4
NE,2009,Nebraska,48000.0,56,2688000.0,1102000.0,1.46,3924000.0,96960.1,-7.2,6.9,8.9,21.8
NE,2010,Nebraska,41000.0,55,2255000.0,902000.0,1.51,3405000.0,100675.1,-5.5,11.8,9.9,24.4
NE,2011,Nebraska,41000.0,59,2419000.0,653000.0,1.75,4233000.0,138513.3,-6.4,10.2,9.6,26.0
NE,2012,Nebraska,43000.0,65,2795000.0,1146000.0,1.93,5394000.0,187271.3,-2.3,11.3,11.8,27.3
NE,2013,Nebraska,46000.0,60,2760000.0,1628000.0,2.07,5713000.0,202781.1,-3.5,15.2,11.8,23.5
NJ,1991,New Jersey,11000.0,31,341000.0,130000.0,0.92,314000.0,0.0,-0.4,12.1,12.4,23.9
NJ,1992,New Jersey,8000.0,22,176000.0,48000.0,0.91,160000.0,0.0,0.3,9.7,10.7,22.6
NJ,1993,New Jersey,9000.0,28,252000.0,116000.0,0.87,219000.0,0.0,-2.3,10.7,11.2,24.7
NJ,1994,New Jersey,9000.0,33,297000.0,107000.0,0.63,187000.0,0.0,-5.0,11.8,11.2,24.8
NJ,1995,New Jersey,8000.0,34,272000.0,57000.0,0.77,209000.0,378.4,-1.8,11.9,11.3,24.6
NJ,1996,New Jersey,5000.0,45,225000.0,119000.0,0.82,185000.0,400.7,-2.1,11.2,10.8,22.3
NJ,1997,New Jersey,10000.0,49,490000.0,201000.0,1.04,510000.0,179.6,-1.2,10.7,11.1,23.4
NJ,1998,New Jersey,11000.0,49,539000.0,167000.0,0.76,410000.0,328.8,3.2,12.1,12.8,23.5
NJ,1999,New Jersey,10000.0,44,440000.0,154000.0,0.57,251000.0,581.2,0.2,11.0,12.2,25.6
NJ,2000,New Jersey,11000.0,35,385000.0,200000.0,0.61,235000.0,935.8,-2.0,11.1,11.1,21.7
NJ,2001,New Jersey,11000.0,34,374000.0,71000.0,0.85,318000.0,574.1,-1.3,11.8,11.9,24.1
NJ,2002,New Jersey,11000.0,40,440000.0,92000.0,1.0,440000.0,1810.1,0.5,12.1,12.4,24.6
NJ,2003,New Jersey,10000.0,19,190000.0,101000.0,1.6,304000.0,584.4,-3.5,10.3,10.9,23.8
NJ,2004,New Jersey,12000.0,27,324000.0,45000.0,1.4,454000.0,1072.0,-4.5,11.4,11.5,22.9
NJ,2005,New Jersey,12000.0,32,384000.0,104000.0,1.2,461000.0,1729.6,-1.7,12.1,11.6,24.6
NJ,2006,New Jersey,9000.0,36,324000.0,152000.0,1.14,369000.0,1291.3,0.8,11.8,12.5,24.7
NJ,2007,New Jersey,9000.0,57,513000.0,185000.0,1.96,1005000.0,1304.1,-3.2,12.6,11.7,23.1
NJ,2008,New Jersey,9000.0,40,360000.0,122000.0,1.62,583000.0,1638.4,0.8,11.6,11.8,24.2
NJ,2009,New Jersey,11000.0,32,352000.0,70000.0,2.36,831000.0,2368.5,-3.4,11.4,11.3,23.7
NJ,2010,New Jersey,13000.0,35,455000.0,73000.0,1.9,865000.0,2387.5,-1.2,12.9,12.3,25.4
NJ,2011,New Jersey,11000.0,41,451000.0,135000.0,3.7,1669000.0,2729.8,-2.9,12.3,12.4,25.3
NJ,2012,New Jersey,14000.0,33,462000.0,51000.0,1.97,910000.0,4703.8,1.6,12.3,13.0,25.3
NJ,2013,New Jersey,11000.0,44,484000.0,34000.0,4.19,2028000.0,4026.0,0.1,16.1,13.0,25.2
NM,1991,New Mexico,20000.0,77,1540000.0,447000.0,0.56,862000.0,0.0,0.4,12.1,11.7,22.0
NM,1992,New Mexico,18000.0,68,1224000.0,502000.0,0.61,747000.0,0.0,-0.2,13.3,11.7,22.4
NM,1993,New Mexico,18000.0,64,1152000.0,541000.0,0.68,783000.0,0.0,1.9,11.6,12.0,23.6
NM,1994,New Mexico,19000.0,64,1216000.0,730000.0,0.47,572000.0,0.0,1.8,11.8,12.7,24.1
NM,1995,New Mexico,19000.0,65,1235000.0,247000.0,0.83,1025000.0,111.2,2.0,11.5,12.6,23.6
NM,1996,New Mexico,15000.0,77,1155000.0,219000.0,0.91,1051000.0,1547.7,2.3,12.1,12.8,23.7
NM,1997,New Mexico,15000.0,60,900000.0,396000.0,0.87,783000.0,1823.6,-0.4,10.8,11.9,23.2
NM,1998,New Mexico,14000.0,55,770000.0,470000.0,0.76,585000.0,443.9,2.6,11.2,12.6,24.0
NM,1999,New Mexico,15000.0,52,780000.0,476000.0,0.77,601000.0,385.7,1.2,11.6,12.6,22.9
NM,2000,New Mexico,15000.0,64,960000.0,739000.0,0.72,691000.0,735.3,1.6,12.7,13.1,24.0
NM,2001,New Mexico,10000.0,70,700000.0,350000.0,0.66,462000.0,426.8,-0.2,13.2,12.7,24.3
NM,2002,New Mexico,11000.0,44,484000.0,252000.0,1.1,532000.0,763.2,1.3,13.0,12.6,23.6
NM,2003,New Mexico,6000.0,41,246000.0,108000.0,1.2,295000.0,807.5,2.6,13.4,13.2,25.2
NM,2004,New Mexico,8000.0,44,352000.0,127000.0,1.19,419000.0,3690.8,1.8,11.7,12.2,22.8
NM,2005,New Mexico,7000.0,49,343000.0,113000.0,1.03,353000.0,4439.0,2.5,12.0,12.8,24.3
NM,2006,New Mexico,7000.0,48,336000.0,104000.0,1.19,400000.0,4096.0,1.2,12.9,12.8,24.0
NM,2007,New Mexico,6000.0,59,354000.0,138000.0,1.42,503000.0,4028.9,-0.8,12.3,12.5,23.5
NM,2008,New Mexico,6000.0,48,288000.0,95000.0,1.48,426000.0,4418.8,0.2,11.9,12.2,22.6
NM,2009,New Mexico,7000.0,60,420000.0,143000.0,1.59,668000.0,3937.8,-0.4,11.3,12.5,24.1
NM,2010,New Mexico,7000.0,66,462000.0,157000.0,1.58,730000.0,3799.8,0.8,12.7,12.5,23.3
NM,2011,New Mexico,7000.0,56,392000.0,153000.0,1.69,662000.0,6655.4,-0.5,13.1,12.7,25.0
NM,2012,New Mexico,5000.0,52,260000.0,99000.0,3.39,881000.0,4495.3,2.0,13.6,13.5,23.9
NV,1991,Nevada,15000.0,54,810000.0,275000.0,0.78,632000.0,0.0,-1.7,8.8,10.0,23.3
NV,1992,Nevada,15000.0,65,975000.0,341000.0,0.85,829000.0,0.0,-3.2,12.0,10.8,22.4
NV,1993,Nevada,14000.0,52,728000.0,328000.0,0.95,692000.0,0.0,-3.5,9.6,9.3,20.5
NV,1994,Nevada,14000.0,54,756000.0,174000.0,1.08,816000.0,0.3,-0.6,9.4,10.5,24.1
NV,1995,Nevada,10000.0,29,290000.0,38000.0,0.9,261000.0,44.4,0.8,9.1,10.5,21.8
NV,1996,Nevada,14000.0,61,854000.0,68000.0,1.05,897000.0,62.4,0.8,9.6,10.9,24.2
NV,1997,Nevada,14000.0,61,854000.0,171000.0,1.14,974000.0,83.7,-1.8,8.8,10.3,22.2
NV,1998,Nevada,10000.0,46,460000.0,175000.0,1.65,759000.0,274.4,-1.4,7.8,9.6,23.4
NV,1999,Nevada,9000.0,45,405000.0,271000.0,1.54,624000.0,48.4,-0.1,9.5,10.3,22.1
NV,2000,Nevada,10000.0,35,350000.0,95000.0,1.45,508000.0,170.2,0.9,10.4,10.8,22.7
NV,2001,Nevada,9000.0,50,450000.0,36000.0,2.14,963000.0,208.6,-1.7,10.1,10.9,23.6
NV,2002,Nevada,9000.0,62,558000.0,61000.0,2.67,1490000.0,97.8,-1.1,9.7,10.5,24.8
NV,2003,Nevada,6000.0,64,384000.0,46000.0,2.04,783000.0,223.3,0.4,10.3,11.3,25.2
NV,2004,Nevada,14000.0,55,770000.0,316000.0,1.78,1371000.0,308.4,-1.4,9.8,10.5,23.4
NV,2005,Nevada,12000.0,46,552000.0,442000.0,3.11,1717000.0,199.8,-0.1,9.3,10.4,24.6
NV,2006,Nevada,9000.0,37,333000.0,50000.0,3.62,1205000.0,128.3,-0.9,9.2,10.5,24.8
NV,2007,Nevada,10000.0,28,280000.0,67000.0,2.99,837000.0,120.2,-2.9,9.7,10.8,25.1
NV,2008,Nevada,10000.0,29,290000.0,52000.0,1.42,412000.0,333.1,-2.9,9.2,10.2,23.7
NY,1991,New York,77000.0,62,4774000.0,1337000.0,0.62,2960000.0,0.0,-5.6,9.8,9.0,21.2
NY,1992,New York,70000.0,66,4620000.0,1802000.0,0.61,2818000.0,0.0,-4.9,6.5,7.2,19.0
NY,1993,New York,65000.0,62,4030000.0,1733000.0,0.63,2539000.0,0.0,-8.9,7.6,7.4,21.8
NY,1994,New York,68000.0,68,4624000.0,2451000.0,0.63,2913000.0,0.0,-11.4,8.5,7.5,22.2
NY,1995,New York,70000.0,75,5250000.0,2100000.0,0.71,3728000.0,1232.5,-6.8,8.2,8.0,22.3
NY,1996,New York,68000.0,80,5440000.0,2557000.0,0.89,4842000.0,2217.1,-6.7,7.6,7.6,20.4
NY,1997,New York,72000.0,60,4320000.0,2246000.0,0.85,3672000.0,1879.7,-6.1,7.2,7.5,20.3
NY,1998,New York,65000.0,80,5200000.0,2444000.0,0.7,3640000.0,1608.8,-2.2,9.2,9.7,20.9
NY,1999,New York,69000.0,70,4830000.0,2077000.0,0.66,3188000.0,2334.9,-5.8,8.0,8.9,22.7
NY,2000,New York,58000.0,80,4640000.0,2274000.0,0.55,2552000.0,2148.3,-6.5,8.0,7.7,19.4
NY,2001,New York,53000.0,70,3710000.0,1781000.0,0.79,2931000.0,3265.2,-4.9,9.0,8.9,22.0
NY,2002,New York,60000.0,98,5880000.0,2470000.0,1.25,7350000.0,12637.5,-3.4,8.3,8.9,22.0
NY,2003,New York,67000.0,72,4824000.0,1640000.0,1.36,6561000.0,2558.9,-9.0,7.0,7.6,21.5
NY,2004,New York,64000.0,67,4288000.0,1887000.0,1.36,5832000.0,3545.0,-10.1,8.4,7.9,20.4
NY,2005,New York,59000.0,73,4307000.0,2283000.0,1.34,5771000.0,6584.9,-7.0,9.2,8.5,22.5
NY,2006,New York,58000.0,64,3712000.0,2376000.0,1.3,4826000.0,10439.9,-3.5,8.3,9.3,22.5
NY,2007,New York,53000.0,57,3021000.0,1843000.0,1.38,4169000.0,13887.7,-8.2,9.4,8.2,20.7
NY,2008,New York,50000.0,70,3500000.0,1260000.0,1.65,5775000.0,16651.1,-4.2,9.0,8.3,21.4
NY,2009,New York,45000.0,65,2925000.0,936000.0,1.93,5645000.0,19949.6,-8.8,8.2,7.9,20.8
NY,2010,New York,45000.0,64,2880000.0,1123000.0,1.96,5645000.0,19169.3,-5.0,9.8,9.1,22.7
NY,2011,New York,49000.0,56,2744000.0,1235000.0,1.96,5378000.0,24928.1,-6.9,9.0,9.0,22.7
NY,2012,New York,51000.0,51,2601000.0,988000.0,2.23,5800000.0,26144.5,-2.9,9.0,9.9,22.6
NY,2013,New York,55000.0,48,2640000.0,1030000.0,2.12,5597000.0,44323.3,-4.3,14.6,9.9,22.6
OH,1991,Ohio,48000.0,61,2928000.0,761000.0,0.63,1845000.0,0.0,-1.9,12.7,12.1,24.3
OH,1992,Ohio,43000.0,33,1419000.0,233000.0,0.6,851000.0,0.0,-1.1,10.2,10.5,22.6
OH,1993,Ohio,30000.0,66,1980000.0,990000.0,0.66,1307000.0,0.0,-2.9,10.1,10.6,24.4
OH,1994,Ohio,27000.0,64,1728000.0,691000.0,0.64,1106000.0,0.0,-6.7,11.7,10.7,23.4
OH,1995,Ohio,25000.0,62,1550000.0,930000.0,0.74,1147000.0,2012.0,-2.9,11.1,10.6,25.1
OH,1996,Ohio,24000.0,70,1680000.0,840000.0,0.96,1613000.0,638.6,-3.5,10.7,10.1,22.6
OH,1997,Ohio,22000.0,80,1760000.0,827000.0,0.85,1496000.0,531.6,-3.2,10.0,10.4,22.9
OH,1998,Ohio,18000.0,78,1404000.0,702000.0,0.83,1165000.0,1029.2,2.1,11.7,12.6,23.2
OH,1999,Ohio,20000.0,74,1480000.0,784000.0,0.72,1066000.0,1099.0,-1.8,11.8,11.7,25.6
OH,2000,Ohio,18000.0,65,1170000.0,585000.0,0.79,924000.0,896.8,-5.5,11.8,10.9,21.8
OH,2001,Ohio,18000.0,81,1458000.0,569000.0,1.01,1473000.0,813.6,-2.3,12.4,11.7,23.4
OH,2002,Ohio,18000.0,70,1260000.0,504000.0,1.44,1814000.0,1179.1,-0.5,11.6,11.8,25.0
OH,2003,Ohio,15000.0,50,750000.0,278000.0,1.4,1050000.0,614.6,-5.5,11.2,10.6,23.2
OH,2004,Ohio,16000.0,58,928000.0,353000.0,1.53,1420000.0,12495.4,-4.5,11.6,11.2,22.7
OH,2005,Ohio,15000.0,69,1035000.0,580000.0,1.4,1449000.0,17720.3,-2.4,12.0,11.4,24.6
OH,2006,Ohio,14000.0,56,784000.0,282000.0,1.4,1098000.0,20775.8,-0.1,11.6,11.9,24.1
OH,2007,Ohio,14000.0,61,854000.0,376000.0,1.77,1512000.0,26418.1,-6.6,12.5,11.6,24.4
OH,2008,Ohio,14000.0,53,742000.0,371000.0,1.68,1247000.0,38813.5,-1.7,11.6,10.8,23.2
OH,2009,Ohio,11000.0,50,550000.0,132000.0,2.81,1546000.0,53709.4,-5.9,10.6,10.7,22.3
OH,2010,Ohio,18000.0,62,1116000.0,346000.0,2.28,2544000.0,68472.1,-3.7,13.0,11.4,24.8
OH,2011,Ohio,15000.0,66,990000.0,228000.0,2.34,2317000.0,80258.2,-4.4,11.6,11.7,25.9
OH,2012,Ohio,18000.0,60,1080000.0,410000.0,2.46,2657000.0,102784.0,0.3,11.5,12.6,25.9
OH,2013,Ohio,17000.0,45,765000.0,390000.0,3.29,2517000.0,114539.8,-1.4,17.8,12.6,23.2
OK,1991,Oklahoma,9000.0,70,630000.0,252000.0,0.85,536000.0,0.0,1.3,16.9,16.1,28.0
OK,1992,Oklahoma,9000.0,52,468000.0,80000.0,0.74,346000.0,0.0,4.3,16.4,15.6,26.8
OK,1993,Oklahoma,6000.0,67,402000.0,169000.0,0.81,326000.0,0.0,2.0,14.1,14.9,28.9
OK,1994,Oklahoma,5000.0,58,290000.0,104000.0,0.93,270000.0,0.0,2.6,16.4,15.9,27.2
OK,1995,Oklahoma,4000.0,76,304000.0,112000.0,0.93,283000.0,156.3,4.2,15.5,15.6,28.3
OK,1996,Oklahoma,4000.0,59,236000.0,54000.0,1.09,257000.0,35.0,2.2,15.7,15.4,27.5
OK,1997,Oklahoma,4000.0,58,232000.0,97000.0,1.37,318000.0,1065.1,2.8,14.7,15.3,27.9
OK,1998,Oklahoma,4000.0,51,204000.0,63000.0,1.24,253000.0,119.4,4.9,16.0,17.1,30.3
OK,1999,Oklahoma,6000.0,45,270000.0,49000.0,1.34,362000.0,153.0,4.5,16.3,16.7,29.0
OK,2000,Oklahoma,7000.0,35,245000.0,64000.0,1.26,309000.0,307.5,-0.3,16.5,16.1,30.2
OK,2001,Oklahoma,4000.0,47,188000.0,105000.0,1.43,269000.0,211.3,2.3,17.0,16.4,30.3
OK,2002,Oklahoma,3000.0,53,159000.0,51000.0,1.63,259000.0,210.5,4.8,15.4,15.7,27.9
OK,2003,Oklahoma,3000.0,47,141000.0,69000.0,1.84,259000.0,180.1,3.1,16.9,15.9,29.1
OR,1991,Oregon,56000.0,46,2576000.0,721000.0,0.56,1443000.0,0.0,-0.3,7.4,8.7,19.0
OR,1992,Oregon,52000.0,49,2548000.0,841000.0,0.58,1478000.0,0.0,-1.8,9.7,9.7,19.0
OR,1993,Oregon,53000.0,67,3551000.0,994000.0,0.56,1989000.0,0.0,-3.2,8.3,7.6,16.5
OR,1994,Oregon,50000.0,65,3250000.0,1008000.0,0.52,1690000.0,119.9,-0.4,8.3,8.9,20.0
OR,1995,Oregon,52000.0,52,2704000.0,2488000.0,0.78,2109000.0,382.6,1.2,7.3,9.0,18.1
OR,1996,Oregon,55000.0,59,3245000.0,1071000.0,0.93,3018000.0,1050.6,0.6,8.1,8.7,20.0
OR,1997,Oregon,50000.0,53,2650000.0,1537000.0,0.79,2094000.0,1791.5,0.1,7.3,8.8,18.9
OR,1998,Oregon,50000.0,45,2250000.0,1620000.0,0.9,2025000.0,1543.1,-1.0,7.6,8.9,20.4
OR,1999,Oregon,45000.0,57,2565000.0,2026000.0,0.8,2052000.0,583.2,1.0,7.9,8.5,18.1
OR,2000,Oregon,48000.0,51,2448000.0,1665000.0,0.66,1616000.0,1739.6,0.2,8.8,8.7,18.4
OR,2001,Oregon,44000.0,44,1936000.0,1200000.0,0.74,1433000.0,3329.2,-0.0,7.6,8.9,19.6
OR,2002,Oregon,43000.0,49,2107000.0,885000.0,1.35,2844000.0,2658.8,-0.0,7.7,8.8,20.3
OR,2003,Oregon,42000.0,51,2142000.0,964000.0,1.27,2720000.0,2209.4,1.2,8.4,9.6,21.0
OR,2004,Oregon,42000.0,54,2268000.0,1111000.0,1.21,2744000.0,3056.4,0.0,8.9,9.3,19.8
OR,2005,Oregon,39000.0,42,1638000.0,557000.0,1.08,1769000.0,3574.5,-0.1,8.2,8.8,19.7
OR,2006,Oregon,46000.0,48,2208000.0,729000.0,1.05,2318000.0,3854.4,0.4,7.9,9.0,20.7
OR,2007,Oregon,46000.0,43,1978000.0,1088000.0,1.31,2591000.0,5084.9,-1.1,7.6,8.9,21.0
OR,2008,Oregon,50000.0,43,2150000.0,1097000.0,1.41,3032000.0,6011.2,-1.9,7.6,8.3,19.1
OR,2009,Oregon,55000.0,34,1870000.0,767000.0,1.54,2880000.0,8561.6,-2.0,6.9,8.6,19.9
OR,2010,Oregon,59000.0,39,2301000.0,874000.0,1.63,3751000.0,10001.9,0.9,7.2,8.6,18.5
OR,2011,Oregon,60000.0,34,2040000.0,755000.0,1.68,3427000.0,9582.6,0.3,6.5,8.1,19.0
OR,2012,Oregon,60000.0,32,1920000.0,845000.0,2.16,4147000.0,13051.4,0.1,8.6,9.0,19.7
OR,2013,Oregon,62000.0,35,2170000.0,456000.0,2.39,5186000.0,14557.4,-1.3,11.8,10.8,20.8
PA,1991,Pennsylvania,40000.0,45,1800000.0,594000.0,0.7,1260000.0,0.0,-2.6,11.0,10.9,22.9
PA,1992,Pennsylvania,30000.0,41,1230000.0,566000.0,0.71,873000.0,0.0,-1.7,8.6,9.2,21.2
PA,1993,Pennsylvania,28000.0,40,1120000.0,605000.0,0.64,717000.0,0.0,-4.4,9.3,9.5,23.2
PA,1994,Pennsylvania,27000.0,47,1269000.0,622000.0,0.6,761000.0,0.0,-7.5,10.4,9.4,22.9
PA,1995,Pennsylvania,25000.0,43,1075000.0,376000.0,0.73,785000.0,2086.3,-4.0,10.1,9.7,23.1
PA,1996,Pennsylvania,23000.0,46,1058000.0,370000.0,1.02,1079000.0,3129.0,-4.2,9.7,9.2,21.2
PA,1997,Pennsylvania,22000.0,48,1056000.0,528000.0,1.0,1056000.0,1455.3,-3.5,9.1,9.4,21.7
PA,1998,Pennsylvania,26000.0,66,1716000.0,789000.0,0.8,1373000.0,2068.1,1.4,10.8,11.5,22.0
PA,1999,Pennsylvania,28000.0,60,1680000.0,790000.0,0.76,1277000.0,2100.5,-2.5,9.9,10.5,24.1
PA,2000,Pennsylvania,25000.0,45,1125000.0,630000.0,0.76,855000.0,1920.9,-4.9,10.2,9.7,20.4
PA,2001,Pennsylvania,26000.0,57,1482000.0,785000.0,0.92,1363000.0,2049.3,-2.9,10.7,10.5,22.8
PA,2002,Pennsylvania,29000.0,57,1653000.0,827000.0,1.34,2215000.0,2308.4,-1.8,10.3,10.7,23.3
PA,2003,Pennsylvania,27000.0,50,1350000.0,419000.0,1.44,1944000.0,2341.0,-5.9,9.3,9.4,22.4
PA,2004,Pennsylvania,30000.0,54,1620000.0,810000.0,1.42,2300000.0,8855.0,-6.3,10.1,10.0,21.5
PA,2005,Pennsylvania,28000.0,56,1568000.0,800000.0,1.12,1756000.0,15806.5,-3.0,10.9,10.2,23.5
PA,2006,Pennsylvania,28000.0,40,1120000.0,605000.0,1.63,1826000.0,14003.1,-1.0,10.2,10.9,23.3
PA,2007,Pennsylvania,25000.0,42,1050000.0,326000.0,1.7,1785000.0,15885.3,-6.2,11.1,10.2,22.2
PA,2008,Pennsylvania,23000.0,48,1104000.0,276000.0,1.65,1822000.0,16290.5,-2.0,10.4,9.9,22.4
PA,2009,Pennsylvania,21000.0,40,840000.0,319000.0,2.03,1705000.0,18720.5,-6.1,9.8,9.7,21.9
PA,2010,Pennsylvania,30000.0,37,1110000.0,377000.0,2.13,2364000.0,14978.7,-3.3,11.5,10.6,23.7
PA,2011,Pennsylvania,24000.0,44,1056000.0,306000.0,2.55,2693000.0,22063.3,-4.9,10.5,10.7,24.2
PA,2012,Pennsylvania,16000.0,60,960000.0,269000.0,2.57,2467000.0,34370.8,-0.6,10.3,11.5,24.1
PA,2013,Pennsylvania,13000.0,45,585000.0,257000.0,3.03,1773000.0,31220.0,-2.2,15.6,11.5,23.2
SC,1991,South Carolina,11000.0,61,671000.0,107000.0,0.77,517000.0,0.0,8.2,18.3,18.1,27.7
SC,1992,South Carolina,11000.0,69,759000.0,99000.0,0.78,592000.0,0.0,7.9,16.3,17.1,27.8
SC,1993,South Carolina,11000.0,90,990000.0,129000.0,0.6,594000.0,0.0,7.3,16.4,17.4,29.3
SC,1994,South Carolina,10000.0,100,1000000.0,150000.0,0.82,820000.0,0.0,5.6,17.8,17.6,26.7
SC,1995,South Carolina,9000.0,90,810000.0,65000.0,1.26,1021000.0,6.4,6.7,18.5,17.4,27.7
SC,1996,South Carolina,9000.0,90,810000.0,81000.0,1.16,940000.0,216.7,6.6,16.8,17.0,27.2
SC,2001,South Carolina,7000.0,40,280000.0,67000.0,0.79,221000.0,631.0,6.7,17.3,17.9,27.1
SC,2002,South Carolina,5000.0,94,470000.0,14000.0,1.25,588000.0,771.8,7.4,19.8,18.1,28.1
SC,2003,South Carolina,4000.0,70,280000.0,8000.0,1.89,529000.0,890.5,5.8,17.2,17.4,26.9
SD,1991,South Dakota,225000.0,101,22725000.0,4091000.0,0.54,12272000.0,0.0,-9.7,8.2,8.5,23.2
SD,1992,South Dakota,240000.0,85,20400000.0,3264000.0,0.53,10812000.0,0.0,-7.9,8.0,7.9,18.9
SD,1993,South Dakota,245000.0,98,24010000.0,4322000.0,0.52,12485000.0,0.0,-10.3,7.2,6.1,20.6
SD,1994,South Dakota,260000.0,100,26000000.0,8580000.0,0.52,13520000.0,0.0,-12.1,8.8,7.5,21.2
SD,1995,South Dakota,240000.0,85,20400000.0,4896000.0,0.71,14484000.0,0.4,-7.0,6.3,7.4,23.7
SD,1996,South Dakota,240000.0,97,23280000.0,6751000.0,0.9,20952000.0,0.7,-11.8,7.3,5.7,22.3
SD,1997,South Dakota,240000.0,65,15600000.0,8736000.0,0.74,11544000.0,47.0,-11.6,7.2,7.5,22.4
SD,1998,South Dakota,225000.0,95,21375000.0,10901000.0,0.64,13680000.0,29.8,-6.8,9.0,8.9,23.5
SD,1999,South Dakota,224000.0,104,23296000.0,13046000.0,0.6,13978000.0,166.3,-7.8,8.2,9.1,23.4
SD,2000,South Dakota,235000.0,121,28435000.0,12796000.0,0.58,16492000.0,339.1,-11.6,8.9,8.1,23.4
SD,2001,South Dakota,235000.0,65,15275000.0,12220000.0,0.71,10845000.0,135.9,-10.6,8.5,8.4,24.1
SD,2002,South Dakota,225000.0,51,11475000.0,2410000.0,1.42,16295000.0,40.1,-5.1,5.8,8.3,25.6
SD,2003,South Dakota,215000.0,70,15050000.0,2709000.0,1.43,21522000.0,59.3,-7.2,10.1,8.2,24.3
SD,2004,South Dakota,215000.0,105,22575000.0,13545000.0,1.01,22801000.0,11791.6,-8.6,9.3,8.3,22.1
SD,2005,South Dakota,220000.0,79,17380000.0,11818000.0,0.83,14425000.0,23328.9,-8.4,9.5,8.8,24.0
SD,2006,South Dakota,225000.0,47,10575000.0,10575000.0,0.94,9941000.0,19961.6,-4.9,8.8,9.3,26.1
SD,2007,South Dakota,255000.0,52,13260000.0,10608000.0,1.02,13525000.0,35447.5,-9.0,8.4,8.6,25.1
SD,2008,South Dakota,225000.0,95,21375000.0,11970000.0,1.34,28643000.0,42858.5,-9.7,7.3,7.0,23.1
SD,2009,South Dakota,270000.0,66,17820000.0,6237000.0,1.42,25304000.0,66998.6,-9.9,5.3,6.8,20.5
SD,2010,South Dakota,265000.0,58,15370000.0,4765000.0,1.51,23209000.0,69742.2,-9.2,10.5,7.7,23.5
SD,2011,South Dakota,250000.0,66,16500000.0,4290000.0,1.7,28050000.0,97262.0,-10.2,8.7,7.5,24.8
SD,2012,South Dakota,260000.0,63,16380000.0,3604000.0,1.95,31941000.0,134142.7,-5.6,9.4,9.9,26.4
SD,2013,South Dakota,265000.0,56,14840000.0,6381000.0,2.07,30719000.0,171974.2,-6.7,13.8,9.8,22.6
TN,1991,Tennessee,14000.0,38,532000.0,106000.0,0.69,367000.0,0.0,3.4,15.8,15.3,26.0
TN,1992,Tennessee,7000.0,43,301000.0,66000.0,0.74,223000.0,0.0,3.8,14.0,14.1,25.3
TN,1993,Tennessee,8000.0,51,408000.0,86000.0,0.93,379000.0,0.0,3.5,13.3,14.2,27.3
TN,1994,Tennessee,6000.0,51,306000.0,107000.0,0.98,300000.0,0.0,-0.0,15.4,14.5,24.7
TN,1995,Tennessee,5000.0,53,265000.0,87000.0,1.17,310000.0,397.0,3.1,14.9,14.4,26.8
TN,1996,Tennessee,5000.0,64,320000.0,90000.0,1.54,493000.0,241.1,2.2,13.8,13.9,24.6
TN,1997,Tennessee,7000.0,62,434000.0,148000.0,1.47,638000.0,1292.4,2.8,13.2,14.1,25.7
TN,1998,Tennessee,7000.0,64,448000.0,121000.0,1.32,591000.0,2954.5,6.1,15.3,15.9,26.0
TN,1999,Tennessee,8000.0,51,408000.0,106000.0,1.3,530000.0,3196.2,5.4,15.6,15.4,26.7
TN,2000,Tennessee,9000.0,61,549000.0,104000.0,1.43,785000.0,3094.9,-0.7,14.8,14.7,25.5
TN,2001,Tennessee,8000.0,59,472000.0,131000.0,1.39,656000.0,2256.9,1.5,15.2,14.9,25.4
TN,2002,Tennessee,8000.0,61,488000.0,137000.0,1.4,683000.0,3021.4,4.2,16.2,15.1,26.4
TN,2003,Tennessee,6000.0,40,240000.0,46000.0,1.52,365000.0,2459.4,0.2,15.1,14.4,25.5
TN,2004,Tennessee,6000.0,54,324000.0,91000.0,1.73,561000.0,18142.9,2.8,15.7,14.9,24.7
TN,2005,Tennessee,7000.0,55,385000.0,92000.0,1.67,643000.0,18060.1,2.5,15.0,15.1,26.4
TN,2006,Tennessee,7000.0,55,385000.0,58000.0,1.84,708000.0,21587.1,3.6,15.5,15.2,26.5
TN,2007,Tennessee,7000.0,65,455000.0,114000.0,1.99,905000.0,19298.7,2.1,15.6,15.7,28.5
TN,2008,Tennessee,7000.0,61,427000.0,149000.0,2.09,892000.0,18619.7,2.3,14.4,14.5,25.3
TN,2009,Tennessee,7000.0,51,357000.0,86000.0,2.37,846000.0,28242.4,1.7,13.9,14.4,24.7
TN,2010,Tennessee,8000.0,63,504000.0,106000.0,2.5,1260000.0,30970.5,0.4,15.9,14.7,27.0
TN,2011,Tennessee,7000.0,44,308000.0,68000.0,2.93,902000.0,35930.5,1.2,15.2,15.2,27.1
TN,2012,Tennessee,6000.0,61,366000.0,59000.0,2.93,1072000.0,37826.2,5.8,15.7,16.0,27.4
TN,2013,Tennessee,7000.0,45,315000.0,63000.0,3.55,1118000.0,48882.7,4.8,18.8,15.9,24.2
TX,1991,Texas,140000.0,78,10920000.0,1201000.0,0.54,5897000.0,0.0,6.3,19.6,18.4,27.5
TX,1992,Texas,125000.0,85,10625000.0,1488000.0,0.52,5525000.0,0.0,7.4,18.9,18.2,27.7
TX,1993,Texas,105000.0,82,8610000.0,2755000.0,0.51,4391000.0,0.0,7.4,17.7,18.0,28.7
TX,1994,Texas,103000.0,74,7622000.0,2058000.0,0.5,3811000.0,2050.5,8.1,18.9,18.8,28.6
TX,1995,Texas,84000.0,106,8904000.0,1959000.0,0.67,5966000.0,5934.9,8.8,18.5,18.6,28.5
TX,1996,Texas,82000.0,83,6806000.0,1361000.0,0.85,5785000.0,3467.1,7.7,18.5,18.7,29.0
TX,1997,Texas,94000.0,106,9964000.0,3188000.0,0.75,7473000.0,3650.3,7.1,17.2,17.9,28.5
TX,1998,Texas,91000.0,77,7007000.0,1612000.0,0.62,4344000.0,6069.7,9.0,18.9,19.6,30.5
TX,1999,Texas,108000.0,81,8748000.0,2799000.0,0.64,5599000.0,19112.6,9.2,19.2,19.4,29.4
TX,2000,Texas,105000.0,79,8295000.0,2986000.0,0.57,4728000.0,8249.2,5.7,19.2,19.2,29.3
TX,2001,Texas,97000.0,79,7663000.0,1533000.0,0.65,4981000.0,18885.2,6.5,19.3,18.8,29.7
TX,2002,Texas,114000.0,67,7638000.0,985000.0,1.14,8707000.0,9609.9,8.5,19.5,18.5,28.6
TX,2003,Texas,140000.0,67,9380000.0,1126000.0,1.4,13132000.0,8402.1,7.8,19.5,18.8,28.6
TX,2004,Texas,116000.0,76,8816000.0,1411000.0,0.97,8552000.0,79487.5,8.5,19.5,18.6,27.4
TX,2005,Texas,84000.0,71,5964000.0,954000.0,0.86,5129000.0,70385.6,8.4,18.6,19.0,28.3
TX,2006,Texas,82000.0,70,5740000.0,976000.0,0.89,5109000.0,45393.8,8.9,20.4,19.6,28.9
TX,2007,Texas,105000.0,82,8610000.0,1550000.0,0.96,8266000.0,69853.0,5.7,18.5,18.3,28.0
TX,2008,Texas,77000.0,64,4928000.0,1380000.0,1.34,6604000.0,52012.0,7.7,18.6,18.7,28.5
TX,2009,Texas,89000.0,63,5607000.0,1065000.0,1.39,7794000.0,67502.9,6.1,18.1,18.8,29.2
TX,2010,Texas,100000.0,72,7200000.0,792000.0,1.51,10872000.0,75451.3,6.6,19.1,18.5,29.4
TX,2011,Texas,78000.0,58,4524000.0,633000.0,1.78,8053000.0,96401.8,7.1,20.4,19.7,31.4
TX,2012,Texas,92000.0,52,4784000.0,718000.0,2.0,9568000.0,126923.7,10.1,20.0,19.9,28.9
TX,2013,Texas,106000.0,59,6254000.0,1689000.0,2.1,13133000.0,142920.9,8.7,22.6,20.4,28.7
UT,1991,Utah,45000.0,34,1530000.0,199000.0,0.55,842000.0,0.0,-5.3,8.0,8.3,22.0
UT,1992,Utah,47000.0,56,2632000.0,632000.0,0.58,1527000.0,0.0,-5.1,11.2,9.1,21.1
UT,1993,Utah,42000.0,53,2226000.0,445000.0,0.55,1224000.0,0.0,-3.9,7.9,7.9,19.5
UT,1994,Utah,43000.0,59,2537000.0,1218000.0,0.53,1345000.0,0.0,-2.0,8.3,9.5,23.0
UT,1995,Utah,32000.0,33,1056000.0,232000.0,0.65,686000.0,646.9,-2.1,7.8,9.2,21.8
UT,1996,Utah,34000.0,46,1564000.0,328000.0,0.85,1329000.0,113.2,-2.2,8.2,9.5,23.1
UT,1997,Utah,32000.0,52,1664000.0,699000.0,0.75,1248000.0,141.6,-3.6,7.3,8.7,20.9
UT,1998,Utah,30000.0,58,1740000.0,557000.0,0.65,1131000.0,61.6,-3.0,7.3,8.7,22.8
UT,1999,Utah,26000.0,45,1170000.0,433000.0,0.68,796000.0,19.8,-2.2,8.2,9.2,21.7
UT,2000,Utah,24000.0,41,984000.0,462000.0,0.6,590000.0,88.7,-1.5,9.7,9.8,23.0
UT,2001,Utah,23000.0,38,874000.0,315000.0,0.65,568000.0,11.6,-4.3,9.5,9.7,22.3
UT,2002,Utah,22000.0,59,1298000.0,208000.0,1.3,1687000.0,45.9,-3.8,8.8,9.1,24.2
UT,2003,Utah,25000.0,57,1425000.0,157000.0,1.28,1824000.0,59.6,-1.3,9.9,10.0,24.7
UT,2004,Utah,24000.0,70,1680000.0,554000.0,1.1,1848000.0,179.0,-4.5,8.9,9.0,21.9
UT,2005,Utah,24000.0,45,1080000.0,346000.0,0.95,1026000.0,154.0,-2.0,8.7,9.3,23.4
UT,2006,Utah,26000.0,50,1300000.0,299000.0,0.98,1274000.0,130.8,-2.6,8.5,9.2,23.6
UT,2007,Utah,28000.0,42,1176000.0,270000.0,1.13,1329000.0,44.8,-5.5,9.0,9.7,24.3
UT,2008,Utah,28000.0,48,1344000.0,242000.0,1.57,2110000.0,283.0,-5.7,7.9,8.6,23.0
UT,2009,Utah,26000.0,38,988000.0,198000.0,1.46,1442000.0,340.9,-6.0,7.1,8.8,22.6
UT,2010,Utah,26000.0,30,780000.0,195000.0,1.53,1193000.0,595.8,-3.1,8.4,8.8,22.5
UT,2011,Utah,23000.0,39,897000.0,170000.0,1.75,1570000.0,626.7,-3.8,8.0,8.4,22.4
UT,2012,Utah,25000.0,38,950000.0,209000.0,1.87,1777000.0,1533.2,-2.6,9.8,10.2,22.7
UT,2013,Utah,30000.0,34,1020000.0,92000.0,2.09,2132000.0,1639.7,-6.5,13.1,11.0,23.4
VA,1991,Virginia,16000.0,33,528000.0,58000.0,0.72,380000.0,0.0,3.1,14.1,14.4,25.5
VA,1992,Virginia,13000.0,38,494000.0,84000.0,0.71,351000.0,0.0,3.2,12.5,13.0,24.8
VA,1993,Virginia,10000.0,54,540000.0,59000.0,0.81,437000.0,0.0,1.8,12.5,13.3,26.2
VA,1994,Virginia,11000.0,52,572000.0,109000.0,0.65,372000.0,0.0,-1.2,14.1,13.4,25.0
VA,1995,Virginia,9000.0,45,405000.0,97000.0,0.67,271000.0,1347.7,1.2,14.0,13.2,25.2
VA,1996,Virginia,7000.0,50,350000.0,119000.0,1.48,518000.0,756.3,0.8,13.3,12.7,23.6
VA,1997,Virginia,8000.0,53,424000.0,157000.0,1.45,615000.0,1444.6,2.0,12.3,13.0,24.7
VA,1998,Virginia,8000.0,37,296000.0,86000.0,1.33,394000.0,2842.2,5.2,14.0,14.6,24.7
VA,1999,Virginia,7000.0,35,245000.0,86000.0,1.17,287000.0,835.5,4.2,13.4,14.0,25.9
VA,2000,Virginia,7000.0,42,294000.0,103000.0,1.5,441000.0,1660.0,-0.7,13.5,13.2,23.2
VA,2001,Virginia,9000.0,52,468000.0,94000.0,1.26,590000.0,1708.9,1.6,13.7,13.7,24.5
VA,2002,Virginia,8000.0,38,304000.0,79000.0,1.9,578000.0,3320.8,2.5,14.7,14.2,25.5
VA,2003,Virginia,6000.0,37,222000.0,69000.0,1.68,373000.0,1206.1,-0.3,13.2,13.2,24.7
VA,2004,Virginia,7000.0,38,266000.0,69000.0,2.1,559000.0,3549.0,0.2,13.9,13.7,24.3
VA,2005,Virginia,8000.0,37,296000.0,59000.0,2.2,651000.0,3927.0,1.9,14.0,13.7,25.6
VA,2006,Virginia,8000.0,42,336000.0,114000.0,2.2,739000.0,8223.5,3.3,13.8,14.1,25.2
VA,2007,Virginia,6000.0,46,276000.0,63000.0,2.43,671000.0,8241.7,-0.0,14.7,14.2,25.9
VA,2008,Virginia,6000.0,42,252000.0,45000.0,2.42,610000.0,8360.8,2.4,13.3,13.6,24.3
VA,2009,Virginia,6000.0,39,234000.0,56000.0,3.45,807000.0,9561.8,0.4,13.3,13.3,24.5
VA,2010,Virginia,5000.0,37,185000.0,37000.0,3.32,614000.0,7700.5,-0.8,14.9,13.7,26.0
VA,2011,Virginia,4000.0,40,160000.0,21000.0,4.07,651000.0,14200.5,0.2,14.1,14.3,26.1
VA,2012,Virginia,4000.0,41,164000.0,23000.0,3.77,618000.0,13324.7,4.1,13.5,14.6,26.5
VA,2013,Virginia,5000.0,35,175000.0,42000.0,4.5,788000.0,15530.1,2.8,17.5,14.7,24.7
VT,1991,Vermont,6000.0,75,450000.0,198000.0,0.8,360000.0,0.0,-8.4,8.2,7.0,19.6
VT,1992,Vermont,6000.0,63,378000.0,200000.0,0.75,284000.0,0.0,-8.1,4.9,5.4,17.7
VT,1993,Vermont,6000.0,82,492000.0,216000.0,0.67,330000.0,0.0,-11.9,6.0,5.8,20.1
VT,1994,Vermont,5000.0,77,385000.0,189000.0,0.87,335000.0,0.0,-14.0,6.8,5.9,21.2
VT,1995,Vermont,5000.0,67,335000.0,131000.0,0.86,288000.0,10.4,-8.5,6.6,6.3,21.1
VT,1996,Vermont,4000.0,83,332000.0,93000.0,1.01,335000.0,510.2,-8.7,6.0,6.1,19.0
VT,1997,Vermont,5000.0,63,315000.0,249000.0,0.83,261000.0,68.3,-8.5,5.4,5.7,19.0
VT,1998,Vermont,6000.0,64,384000.0,207000.0,0.85,326000.0,3.2,-5.4,7.6,7.9,19.6
VT,1999,Vermont,6000.0,66,396000.0,222000.0,0.63,249000.0,14.4,-7.8,6.2,7.4,21.1
VT,2000,Vermont,7000.0,59,413000.0,211000.0,0.68,281000.0,41.6,-8.9,6.3,6.0,17.9
VT,2001,Vermont,7000.0,81,567000.0,249000.0,0.92,522000.0,69.8,-7.6,7.0,7.1,20.6
VT,2002,Vermont,7000.0,89,623000.0,274000.0,1.2,748000.0,39.7,-5.4,6.6,7.0,20.1
VT,2003,Vermont,7000.0,83,581000.0,163000.0,1.96,1139000.0,22.9,-11.6,5.4,5.9,20.2
VT,2004,Vermont,6000.0,68,408000.0,192000.0,1.51,616000.0,307.3,-13.0,6.7,6.0,19.3
VT,2005,Vermont,6000.0,91,546000.0,169000.0,1.12,612000.0,1319.7,-9.4,7.8,6.8,20.8
VT,2006,Vermont,6000.0,56,336000.0,144000.0,1.2,403000.0,683.0,-5.8,6.9,7.7,21.4
VT,2007,Vermont,5000.0,64,320000.0,96000.0,1.7,544000.0,1019.7,-10.1,7.5,6.2,18.9
VT,2008,Vermont,5000.0,66,330000.0,119000.0,2.2,726000.0,512.0,-6.1,7.2,6.6,20.3
VT,2009,Vermont,5000.0,49,245000.0,69000.0,2.01,492000.0,634.7,-11.2,6.6,6.2,19.6
VT,2010,Vermont,4000.0,65,260000.0,73000.0,3.1,806000.0,843.2,-6.4,8.1,7.8,21.7
VT,2011,Vermont,4000.0,43,172000.0,43000.0,2.31,397000.0,745.7,-8.6,7.4,7.3,21.1
VT,2012,Vermont,4000.0,60,240000.0,53000.0,2.39,574000.0,799.5,-5.6,8.2,8.2,20.9
VT,2013,Vermont,3000.0,51,153000.0,46000.0,3.89,595000.0,1978.5,-7.0,13.2,8.5,21.6
WA,1991,Washington,85000.0,42,3570000.0,678000.0,0.57,2035000.0,0.0,-2.3,7.6,8.3,18.7
WA,1992,Washington,80000.0,44,3520000.0,1197000.0,0.58,2042000.0,0.0,-2.8,8.9,9.2,18.3
WA,1993,Washington,60000.0,45,2700000.0,513000.0,0.61,1647000.0,0.0,-4.4,8.3,7.4,16.8
WA,1994,Washington,60000.0,62,3720000.0,1265000.0,0.54,2009000.0,943.2,-0.5,8.4,8.7,19.4
WA,1995,Washington,60000.0,59,3540000.0,637000.0,0.57,2018000.0,3186.6,-0.3,7.2,8.6,18.1
WA,1996,Washington,57000.0,58,3306000.0,1025000.0,0.9,2975000.0,4718.4,-2.3,7.7,7.5,19.1
WA,1997,Washington,60000.0,52,3120000.0,1498000.0,0.76,2371000.0,16320.3,-1.1,7.2,8.4,19.0
WA,1998,Washington,58000.0,51,2958000.0,1361000.0,0.64,1893000.0,24933.7,-1.2,7.9,9.1,20.4
WA,1999,Washington,52000.0,50,2600000.0,1170000.0,0.6,1560000.0,3698.9,0.9,7.3,8.2,18.5
WA,2000,Washington,52000.0,54,2808000.0,1151000.0,0.58,1629000.0,10588.6,-1.5,8.4,7.9,17.6
WA,2001,Washington,48000.0,52,2496000.0,1048000.0,0.72,1797000.0,6781.8,-0.3,7.1,8.3,18.8
WA,2002,Washington,50000.0,51,2550000.0,561000.0,1.27,3239000.0,9414.3,0.2,7.2,8.3,19.0
WA,2003,Washington,58000.0,56,3248000.0,942000.0,1.46,4742000.0,13587.0,-0.2,8.7,9.0,19.9
WA,2004,Washington,56000.0,63,3528000.0,1376000.0,0.98,3457000.0,15616.6,-1.4,9.1,9.1,19.7
WA,2005,Washington,51000.0,55,2805000.0,1935000.0,1.01,2833000.0,20763.1,-1.5,8.5,8.5,18.7
WA,2006,Washington,49000.0,52,2548000.0,1605000.0,1.24,3160000.0,13220.6,-0.8,8.0,8.7,19.8
WA,2007,Washington,46000.0,44,2024000.0,648000.0,1.25,2530000.0,21715.4,-2.1,7.4,8.3,20.2
WA,2008,Washington,49000.0,44,2156000.0,862000.0,1.51,3256000.0,16467.1,-3.2,6.5,7.7,18.1
WA,2009,Washington,62000.0,44,2728000.0,1064000.0,1.58,4310000.0,27783.0,-3.0,6.8,8.0,19.8
WA,2010,Washington,71000.0,37,2627000.0,1077000.0,1.57,4124000.0,30144.5,-0.1,8.1,8.4,18.0
WA,2011,Washington,71000.0,38,2698000.0,836000.0,1.93,5207000.0,39097.3,-0.6,6.6,7.6,18.4
WA,2012,Washington,62000.0,41,2542000.0,1017000.0,2.38,6050000.0,48557.1,-0.8,8.2,8.5,19.1
WA,2013,Washington,69000.0,39,2691000.0,1023000.0,2.3,6189000.0,45495.5,-1.8,12.3,10.6,19.7
WI,1991,Wisconsin,110000.0,67,7370000.0,1843000.0,0.56,4127000.0,0.0,-11.1,8.2,7.1,20.7
WI,1992,Wisconsin,105000.0,66,6930000.0,1525000.0,0.58,4019000.0,0.0,-6.0,6.4,6.5,17.8
WI,1993,Wisconsin,100000.0,82,8200000.0,4100000.0,0.59,4838000.0,0.0,-8.8,6.0,5.9,20.5
WI,1994,Wisconsin,75000.0,71,5325000.0,1864000.0,0.6,3195000.0,0.0,-14.9,8.4,6.6,19.8
WI,1995,Wisconsin,73000.0,79,5767000.0,2134000.0,0.7,4037000.0,894.0,-8.0,6.4,6.5,22.6
WI,1996,Wisconsin,69000.0,78,5382000.0,2422000.0,0.9,4844000.0,4545.6,-11.5,6.4,5.2,20.1
WI,1997,Wisconsin,79000.0,60,4740000.0,2797000.0,0.9,4266000.0,4965.0,-10.8,7.2,6.4,20.3
WI,1998,Wisconsin,89000.0,91,8099000.0,5264000.0,0.72,5831000.0,4283.2,-6.0,9.2,8.9,21.1
WI,1999,Wisconsin,80000.0,75,6000000.0,4560000.0,0.68,4080000.0,3660.9,-10.5,8.2,7.8,22.8
WI,2000,Wisconsin,84000.0,90,7560000.0,4385000.0,0.68,5141000.0,9522.6,-12.3,8.5,7.0,20.2
WI,2001,Wisconsin,67000.0,81,5427000.0,3419000.0,0.82,4450000.0,6313.5,-9.1,8.4,7.8,21.4
WI,2002,Wisconsin,70000.0,95,6650000.0,2461000.0,1.34,8911000.0,4335.7,-4.0,6.2,7.4,23.0
WI,2003,Wisconsin,74000.0,77,5698000.0,2678000.0,1.47,8376000.0,5214.2,-9.7,7.4,6.6,21.6
WI,2004,Wisconsin,68000.0,86,5848000.0,2632000.0,1.19,6959000.0,12601.9,-11.3,8.3,6.8,19.7
WI,2005,Wisconsin,64000.0,83,5312000.0,2922000.0,1.14,6056000.0,17162.5,-9.4,9.5,7.7,21.8
WI,2006,Wisconsin,64000.0,93,5952000.0,2500000.0,1.12,6666000.0,20180.0,-7.2,8.1,8.2,23.0
WI,2007,Wisconsin,60000.0,84,5040000.0,3024000.0,1.22,6149000.0,22908.3,-11.0,9.0,7.5,21.1
WI,2008,Wisconsin,58000.0,80,4640000.0,2366000.0,1.5,6960000.0,40569.4,-10.0,7.5,5.9,20.9
WI,2009,Wisconsin,63000.0,60,3780000.0,1588000.0,1.58,5972000.0,46176.9,-13.7,6.2,6.2,18.7
WI,2010,Wisconsin,64000.0,64,4096000.0,1556000.0,1.68,6881000.0,41770.4,-9.0,10.1,7.9,22.2
WI,2011,Wisconsin,57000.0,63,3591000.0,1508000.0,1.89,6787000.0,46319.7,-10.5,7.9,7.2,23.2
WI,2012,Wisconsin,60000.0,69,4140000.0,1863000.0,2.05,8487000.0,65194.8,-5.7,7.7,9.0,24.2
WI,2013,Wisconsin,59000.0,60,3540000.0,1558000.0,2.38,8425000.0,78048.2,-8.0,13.4,8.1,20.9
WV,1991,West Virginia,26000.0,24,624000.0,287000.0,0.87,543000.0,0.0,0.5,12.8,12.6,24.0
WV,1992,West Virginia,23000.0,55,1265000.0,759000.0,0.85,1075000.0,0.0,0.5,10.8,11.1,22.9
WV,1993,West Virginia,20000.0,37,740000.0,259000.0,1.11,821000.0,0.0,-0.6,10.8,11.4,24.3
WV,1994,West Virginia,20000.0,44,880000.0,414000.0,1.18,1038000.0,0.0,-4.4,12.2,11.4,23.3
WV,1995,West Virginia,13000.0,41,533000.0,48000.0,1.18,629000.0,322.0,-1.1,11.9,11.3,24.4
WV,1996,West Virginia,10000.0,59,590000.0,207000.0,1.59,938000.0,515.4,-1.3,11.4,10.8,21.8
WV,1997,West Virginia,8000.0,70,560000.0,280000.0,1.11,622000.0,144.8,-0.5,10.2,11.0,22.9
WV,1998,West Virginia,6000.0,55,330000.0,155000.0,1.14,376000.0,120.7,3.4,12.2,12.9,22.8
WV,1999,West Virginia,6000.0,39,234000.0,152000.0,1.09,255000.0,251.2,1.4,12.1,12.2,25.0
WV,2000,West Virginia,7000.0,54,378000.0,234000.0,1.22,461000.0,130.0,-3.3,12.0,11.5,21.7
WV,2001,West Virginia,7000.0,65,455000.0,410000.0,1.42,646000.0,62.0,-1.1,12.3,12.0,23.2
WV,2002,West Virginia,9000.0,51,459000.0,151000.0,1.32,606000.0,82.3,0.6,12.7,12.4,24.1
WV,2003,West Virginia,8000.0,47,376000.0,194000.0,1.89,711000.0,185.9,-3.2,11.8,11.4,23.2
WV,2004,West Virginia,9000.0,55,495000.0,183000.0,1.41,698000.0,412.5,-2.3,12.2,11.9,22.5
WV,2005,West Virginia,8000.0,51,408000.0,102000.0,1.29,526000.0,609.3,-0.7,12.5,12.0,24.2
WV,2006,West Virginia,6000.0,42,252000.0,68000.0,2.02,509000.0,683.9,0.9,12.1,12.2,23.6
WV,2007,West Virginia,6000.0,48,288000.0,95000.0,2.09,602000.0,849.5,-4.0,12.8,12.3,24.5
WV,2008,West Virginia,6000.0,43,258000.0,49000.0,2.16,557000.0,791.2,-0.2,11.9,11.5,22.5
WV,2009,West Virginia,5000.0,37,185000.0,33000.0,2.6,481000.0,921.7,-2.6,11.2,11.4,22.6
WV,2010,West Virginia,5000.0,40,200000.0,40000.0,2.39,478000.0,866.3,-3.1,13.1,11.7,24.2
WV,2011,West Virginia,4000.0,53,212000.0,45000.0,2.57,545000.0,1216.0,-2.4,12.3,12.4,24.8
WV,2012,West Virginia,6000.0,48,288000.0,95000.0,2.91,838000.0,1751.5,1.8,11.8,12.9,25.0
WV,2013,West Virginia,6000.0,46,276000.0,83000.0,3.66,1010000.0,1631.8,0.3,16.6,13.0,23.2
WY,1991,Wyoming,41000.0,52,2132000.0,192000.0,0.55,1173000.0,0.0,-8.2,4.4,5.6,18.9
WY,1992,Wyoming,41000.0,70,2870000.0,287000.0,0.54,1550000.0,0.0,-8.5,7.2,6.0,16.8
WY,1993,Wyoming,34000.0,55,1870000.0,393000.0,0.53,991000.0,0.0,-8.3,4.4,4.1,15.9
WY,1994,Wyoming,46000.0,69,3174000.0,667000.0,0.58,1841000.0,0.0,-6.4,5.2,6.2,19.2
WY,1995,Wyoming,38000.0,36,1368000.0,150000.0,0.73,999000.0,0.0,-5.1,3.7,5.5,19.2
WY,1996,Wyoming,40000.0,73,2920000.0,526000.0,0.9,2628000.0,0.0,-8.0,4.9,5.2,19.2
WY,1997,Wyoming,38000.0,62,2356000.0,660000.0,0.75,1767000.0,52.3,-7.3,3.7,5.3,18.0
WY,1998,Wyoming,46000.0,60,2760000.0,524000.0,0.68,1877000.0,91.2,-5.9,5.2,6.0,20.2
WY,1999,Wyoming,37000.0,72,2664000.0,746000.0,0.61,1625000.0,23.2,-4.0,5.7,6.4,19.1
WY,2000,Wyoming,39000.0,93,3627000.0,798000.0,0.59,2140000.0,44.5,-7.0,6.1,6.1,20.2
WY,2001,Wyoming,38000.0,77,2926000.0,468000.0,0.65,1902000.0,193.1,-6.4,5.7,6.4,20.5
WY,2002,Wyoming,38000.0,63,2394000.0,383000.0,1.33,3184000.0,67.4,-6.3,3.8,5.4,21.2
WY,2003,Wyoming,39000.0,81,3159000.0,474000.0,1.41,4454000.0,54.1,-6.2,7.2,6.4,21.4
WY,2004,Wyoming,39000.0,75,2925000.0,380000.0,1.1,3218000.0,425.1,-5.8,6.1,6.0,18.3
WY,2005,Wyoming,40000.0,56,2240000.0,291000.0,0.89,1994000.0,386.9,-6.1,6.0,6.2,20.2
WY,2006,Wyoming,39000.0,85,3315000.0,497000.0,0.98,3249000.0,333.7,-5.7,5.7,6.4,21.4
WY,2007,Wyoming,43000.0,80,3440000.0,894000.0,1.0,3440000.0,396.8,-8.3,5.8,6.5,21.7
WY,2008,Wyoming,39000.0,61,2379000.0,381000.0,1.37,3259000.0,1294.0,-8.6,4.2,5.1,19.7
WY,2009,Wyoming,37000.0,48,1776000.0,391000.0,1.43,2540000.0,1508.1,-9.6,2.8,5.2,17.8
WY,2010,Wyoming,34000.0,36,1224000.0,282000.0,1.59,1946000.0,1548.1,-5.7,5.6,5.8,18.7
WY,2011,Wyoming,35000.0,54,1890000.0,265000.0,1.72,3251000.0,1192.5,-7.5,5.0,5.3,19.9
WY,2012,Wyoming,50000.0,51,2550000.0,459000.0,1.87,4769000.0,1875.2,-5.4,6.3,7.3,21.4
WY,2013,Wyoming,47000.0,66,3102000.0,558000.0,2.11,6545000.0,1523.0,-6.5,10.6,8.0,20.2
