state,numcol,yieldpercol,totalprod,stocks,priceperlb,prodvalue,year,state_name,tmin,tmedian,tmean,tmax
AL,16000.0,71,1136000.0,159000.0,0.72,818000.0,1998,Alabama,9.1,18.2,18.8,28.1
AL,17000.0,68,1156000.0,185000.0,0.56,647000.0,1999,Alabama,8.7,18.8,18.3,28.2
AL,16000.0,78,1248000.0,187000.0,0.59,736000.0,2000,Alabama,4.2,17.2,17.9,28.1
AL,14000.0,73,1022000.0,235000.0,0.72,736000.0,2001,Alabama,5.4,17.4,17.7,27.1
AL,12000.0,86,1032000.0,103000.0,1.18,1218000.0,2002,Alabama,7.7,19.9,18.0,27.4
AL,13000.0,82,1066000.0,43000.0,1.24,1322000.0,2003,Alabama,4.8,17.8,17.5,26.9
AL,12000.0,87,1044000.0,282000.0,1.41,1472000.0,2004,Alabama,7.0,18.6,17.8,26.8
AL,13000.0,66,858000.0,266000.0,1.02,875000.0,2005,Alabama,6.6,17.3,17.9,27.5
AL,11000.0,72,792000.0,230000.0,1.21,958000.0,2006,Alabama,8.0,18.6,18.3,28.5
AL,11000.0,56,616000.0,209000.0,1.49,918000.0,2007,Alabama,7.5,17.8,18.4,29.6
AL,9000.0,66,594000.0,214000.0,1.9,1129000.0,2008,Alabama,6.4,17.2,17.6,27.2
AL,9000.0,50,450000.0,68000.0,1.86,837000.0,2009,Alabama,7.3,17.2,17.6,26.9
AL,9000.0,54,486000.0,73000.0,2.4,1166000.0,2010,Alabama,4.6,18.3,17.5,28.8
AL,9000.0,50,450000.0,63000.0,2.51,1130000.0,2011,Alabama,5.3,17.7,18.1,28.3
AL,8000.0,54,432000.0,65000.0,2.47,1067000.0,2012,Alabama,10.3,18.5,18.7,28.1
AR,53000.0,65,3445000.0,1688000.0,0.59,2033000.0,1998,Arkansas,6.7,16.7,17.5,29.1
AR,52000.0,89,4628000.0,2592000.0,0.53,2453000.0,1999,Arkansas,6.0,17.3,17.0,27.9
AR,52000.0,93,4836000.0,3337000.0,0.57,2757000.0,2000,Arkansas,-0.1,16.6,16.4,29.2
AR,50000.0,98,4900000.0,1617000.0,0.65,3185000.0,2001,Arkansas,2.9,17.1,16.5,28.1
AR,45000.0,88,3960000.0,871000.0,1.26,4990000.0,2002,Arkansas,5.9,17.0,16.2,27.4
AR,40000.0,75,3000000.0,810000.0,1.26,3780000.0,2003,Arkansas,2.8,17.1,16.0,27.6
AR,40000.0,57,2280000.0,388000.0,0.87,1984000.0,2004,Arkansas,4.9,17.6,16.4,25.9
AR,36000.0,69,2484000.0,571000.0,0.97,2409000.0,2005,Arkansas,4.5,16.4,16.9,28.3
AR,32000.0,76,2432000.0,730000.0,0.89,2164000.0,2006,Arkansas,5.0,17.6,16.9,28.3
AR,28000.0,80,2240000.0,672000.0,0.95,2128000.0,2007,Arkansas,4.4,16.8,16.8,29.2
AR,28000.0,75,2100000.0,525000.0,1.35,2835000.0,2008,Arkansas,3.9,15.5,15.8,27.3
AR,24000.0,57,1368000.0,301000.0,1.42,1943000.0,2009,Arkansas,3.5,14.8,15.8,26.4
AR,25000.0,60,1500000.0,360000.0,1.47,2205000.0,2010,Arkansas,2.5,17.5,16.5,29.3
AR,22000.0,64,1408000.0,239000.0,1.62,2281000.0,2011,Arkansas,3.1,17.0,16.9,29.7
AR,25000.0,63,1575000.0,189000.0,1.98,3119000.0,2012,Arkansas,7.1,17.6,17.8,29.4
AZ,55000.0,60,3300000.0,1485000.0,0.64,2112000.0,1998,Arizona,5.6,13.8,15.3,27.6
AZ,52000.0,62,3224000.0,1548000.0,0.62,1999000.0,1999,Arizona,5.3,15.1,16.0,26.0
AZ,40000.0,59,2360000.0,1322000.0,0.73,1723000.0,2000,Arizona,6.5,16.1,16.5,27.7
AZ,43000.0,59,2537000.0,1142000.0,0.72,1827000.0,2001,Arizona,4.2,16.1,16.3,26.8
AZ,38000.0,63,2394000.0,1197000.0,1.08,2586000.0,2002,Arizona,4.8,16.1,16.3,28.2
AZ,35000.0,72,2520000.0,983000.0,1.34,3377000.0,2003,Arizona,5.8,16.4,16.7,29.0
AZ,32000.0,55,1760000.0,774000.0,1.11,1954000.0,2004,Arizona,5.5,15.0,15.8,27.0
AZ,36000.0,50,1800000.0,720000.0,1.04,1872000.0,2005,Arizona,6.3,15.6,16.3,28.4
AZ,30000.0,65,1950000.0,839000.0,0.91,1775000.0,2006,Arizona,5.1,15.3,16.2,28.2
AZ,30000.0,64,1920000.0,902000.0,1.26,2419000.0,2007,Arizona,3.6,16.0,16.4,28.0
AZ,25000.0,64,1600000.0,336000.0,1.26,2016000.0,2008,Arizona,4.0,15.8,15.9,27.2
AZ,20000.0,52,1040000.0,562000.0,1.45,1508000.0,2009,Arizona,3.6,14.5,16.2,28.5
AZ,24000.0,77,1848000.0,665000.0,1.52,2809000.0,2010,Arizona,5.3,15.2,15.8,27.9
AZ,23000.0,53,1219000.0,427000.0,1.55,1889000.0,2011,Arizona,4.0,16.0,15.8,28.1
AZ,22000.0,46,1012000.0,253000.0,1.79,1811000.0,2012,Arizona,5.4,16.7,16.8,27.2
CA,450000.0,83,37350000.0,12326000.0,0.62,23157000.0,1998,California,5.5,12.3,13.9,25.1
CA,465000.0,60,27900000.0,9486000.0,0.55,15345000.0,1999,California,7.2,13.9,14.5,23.0
CA,440000.0,70,30800000.0,11396000.0,0.59,18172000.0,2000,California,7.7,14.6,15.0,23.9
CA,460000.0,61,28060000.0,7857000.0,0.69,19361000.0,2001,California,5.8,14.6,15.2,24.4
CA,470000.0,50,23500000.0,3525000.0,1.32,31020000.0,2002,California,5.8,14.3,15.0,25.2
CA,480000.0,67,32160000.0,6432000.0,1.39,44702000.0,2003,California,6.7,14.1,15.4,25.9
CA,390000.0,45,17550000.0,5792000.0,1.05,18428000.0,2004,California,6.5,14.4,15.1,24.5
CA,400000.0,75,30000000.0,9300000.0,0.86,25800000.0,2005,California,6.8,13.7,14.9,25.7
CA,380000.0,52,19760000.0,7706000.0,0.97,19167000.0,2006,California,6.7,13.4,14.9,26.3
CA,340000.0,40,13600000.0,3672000.0,1.04,14144000.0,2007,California,5.2,14.2,15.1,25.0
CA,360000.0,51,18360000.0,4039000.0,1.39,25520000.0,2008,California,5.1,14.6,15.1,24.7
CA,355000.0,33,11715000.0,2109000.0,1.39,16284000.0,2009,California,5.4,13.6,15.0,25.3
CA,410000.0,67,27470000.0,6318000.0,1.55,42579000.0,2010,California,7.3,12.5,14.4,24.5
CA,370000.0,48,17760000.0,3730000.0,1.65,29304000.0,2011,California,6.3,13.3,14.3,24.0
CA,330000.0,35,11550000.0,3119000.0,1.94,22407000.0,2012,California,6.1,15.1,15.4,25.4
CO,27000.0,72,1944000.0,1594000.0,0.7,1361000.0,1998,Colorado,-3.4,6.5,7.8,20.6
CO,27000.0,76,2052000.0,1436000.0,0.68,1395000.0,1999,Colorado,-2.7,6.9,8.0,20.2
CO,29000.0,60,1740000.0,957000.0,0.62,1079000.0,2000,Colorado,-3.9,8.1,8.2,21.0
CO,26000.0,55,1430000.0,529000.0,0.71,1015000.0,2001,Colorado,-4.4,8.1,8.1,21.3
CO,24000.0,60,1440000.0,576000.0,1.29,1858000.0,2002,Colorado,-4.0,7.2,7.7,21.8
CO,24000.0,86,2064000.0,722000.0,1.4,2890000.0,2003,Colorado,-3.4,8.9,8.3,22.5
CO,23000.0,80,1840000.0,791000.0,1.35,2484000.0,2004,Colorado,-3.6,7.4,7.6,19.0
CO,28000.0,70,1960000.0,902000.0,0.97,1901000.0,2005,Colorado,-3.7,7.5,8.1,21.2
CO,36000.0,75,2700000.0,1458000.0,1.04,2808000.0,2006,Colorado,-3.2,7.6,8.0,21.0
CO,31000.0,51,1581000.0,838000.0,1.15,1818000.0,2007,Colorado,-7.1,7.5,7.8,21.0
CO,27000.0,45,1215000.0,656000.0,1.51,1835000.0,2008,Colorado,-6.5,6.6,7.1,20.8
CO,28000.0,53,1484000.0,326000.0,1.43,2122000.0,2009,Colorado,-7.0,5.1,7.2,19.5
CO,34000.0,56,1904000.0,533000.0,1.52,2894000.0,2010,Colorado,-4.4,7.9,7.8,20.5
CO,31000.0,55,1705000.0,443000.0,2.0,3410000.0,2011,Colorado,-4.8,7.1,7.4,21.2
CO,25000.0,48,1200000.0,468000.0,2.07,2484000.0,2012,Colorado,-3.8,8.4,9.0,21.6
FL,230000.0,98,22540000.0,4508000.0,0.64,14426000.0,1998,Florida,16.2,23.1,23.0,29.0
FL,228000.0,102,23256000.0,4186000.0,0.53,12326000.0,1999,Florida,16.0,23.1,22.3,28.6
FL,232000.0,105,24360000.0,2923000.0,0.54,13154000.0,2000,Florida,14.5,21.4,22.0,28.1
FL,220000.0,100,22000000.0,3432000.0,0.64,14080000.0,2001,Florida,12.4,22.1,22.2,27.8
FL,220000.0,93,20460000.0,2026000.0,1.14,23324000.0,2002,Florida,15.2,24.3,22.4,27.8
FL,210000.0,71,14910000.0,1491000.0,1.32,19681000.0,2003,Florida,12.1,22.6,22.2,27.7
FL,205000.0,98,20090000.0,2009000.0,1.02,20492000.0,2004,Florida,14.6,22.4,22.1,28.0
FL,160000.0,86,13760000.0,2477000.0,0.87,11971000.0,2005,Florida,14.8,22.0,22.1,28.8
FL,170000.0,81,13770000.0,1790000.0,1.0,13770000.0,2006,Florida,15.3,22.9,22.4,28.5
FL,160000.0,71,11360000.0,1363000.0,0.99,11246000.0,2007,Florida,15.2,22.4,22.6,29.1
FL,150000.0,79,11850000.0,1304000.0,1.32,15642000.0,2008,Florida,15.3,21.9,22.1,27.8
FL,170000.0,68,11560000.0,1618000.0,1.42,16415000.0,2009,Florida,14.8,22.9,22.3,28.2
FL,200000.0,69,13800000.0,1794000.0,1.56,21528000.0,2010,Florida,11.2,22.2,21.3,28.9
FL,180000.0,61,10980000.0,988000.0,1.68,18446000.0,2011,Florida,13.6,22.6,22.6,29.1
FL,193000.0,64,12352000.0,1235000.0,1.84,22728000.0,2012,Florida,16.0,22.8,22.7,28.1
GA,75000.0,56,4200000.0,307000.0,0.69,2898000.0,1998,Georgia,10.1,18.5,19.2,28.3
GA,65000.0,51,3315000.0,497000.0,0.64,2122000.0,1999,Georgia,9.3,19.1,18.5,28.2
GA,55000.0,57,3135000.0,376000.0,0.63,1975000.0,2000,Georgia,5.3,17.2,17.9,27.6
GA,55000.0,57,3135000.0,188000.0,0.7,2195000.0,2001,Georgia,6.7,17.6,18.2,26.8
GA,50000.0,52,2600000.0,52000.0,1.13,2938000.0,2002,Georgia,8.1,20.5,18.5,27.6
GA,52000.0,65,3380000.0,270000.0,1.28,4326000.0,2003,Georgia,6.2,18.1,18.0,26.8
GA,63000.0,49,3087000.0,648000.0,1.2,3704000.0,2004,Georgia,7.7,18.8,18.3,27.2
GA,59000.0,49,2891000.0,434000.0,0.89,2573000.0,2005,Georgia,7.7,17.8,18.2,27.6
GA,63000.0,74,4662000.0,746000.0,1.2,5594000.0,2006,Georgia,9.0,18.7,18.6,28.1
GA,60000.0,58,3480000.0,522000.0,1.19,4141000.0,2007,Georgia,8.6,18.5,18.8,29.0
GA,65000.0,71,4615000.0,369000.0,1.52,7015000.0,2008,Georgia,7.6,17.4,18.1,27.0
GA,65000.0,41,2665000.0,346000.0,1.47,3918000.0,2009,Georgia,8.4,17.8,18.0,27.1
GA,55000.0,46,2530000.0,152000.0,1.67,4225000.0,2010,Georgia,5.0,18.7,17.8,28.5
GA,65000.0,43,2795000.0,196000.0,1.65,4612000.0,2011,Georgia,6.0,18.2,18.7,28.4
GA,59000.0,51,3009000.0,181000.0,1.92,5777000.0,2012,Georgia,10.5,18.8,19.1,28.3
HI,8000.0,118,944000.0,66000.0,0.77,727000.0,1998,Hawaii,21.0,22.4,22.6,24.5
HI,8000.0,80,640000.0,32000.0,0.8,512000.0,1999,Hawaii,20.9,22.8,22.6,24.2
HI,7000.0,112,784000.0,125000.0,0.82,643000.0,2000,Hawaii,20.7,23.1,22.9,24.8
HI,8000.0,87,696000.0,84000.0,0.87,606000.0,2001,Hawaii,21.2,23.1,23.1,25.0
HI,7000.0,136,952000.0,29000.0,1.11,1057000.0,2002,Hawaii,20.6,23.3,23.1,25.0
HI,7000.0,114,798000.0,43000.0,1.45,1157000.0,2003,Hawaii,21.1,23.4,23.3,25.2
HI,8000.0,96,768000.0,77000.0,1.59,1221000.0,2004,Hawaii,21.6,23.6,23.4,25.3
HI,9000.0,131,1179000.0,283000.0,1.43,1686000.0,2005,Hawaii,21.2,23.6,23.3,25.2
HI,10000.0,93,930000.0,233000.0,1.21,1125000.0,2006,Hawaii,20.8,23.1,23.0,24.8
HI,10000.0,92,920000.0,285000.0,1.7,1564000.0,2007,Hawaii,21.0,23.1,23.0,24.6
HI,10000.0,90,900000.0,225000.0,1.59,1431000.0,2008,Hawaii,20.9,22.9,22.8,24.3
HI,10000.0,95,950000.0,323000.0,1.76,1672000.0,2009,Hawaii,20.2,23.2,22.8,25.0
HI,10000.0,77,770000.0,239000.0,2.75,2118000.0,2010,Hawaii,21.1,23.0,22.8,24.1
HI,9000.0,74,666000.0,246000.0,3.65,2431000.0,2011,Hawaii,21.5,22.9,22.9,24.2
HI,10000.0,75,750000.0,263000.0,4.15,3113000.0,2012,Hawaii,21.0,22.7,22.7,24.1
IA,50000.0,78,3900000.0,2301000.0,0.7,2730000.0,1998,Iowa,-4.3,11.2,11.1,24.0
IA,40000.0,65,2600000.0,2028000.0,0.65,1690000.0,1999,Iowa,-7.8,10.7,10.4,25.7
IA,30000.0,67,2010000.0,1206000.0,0.68,1367000.0,2000,Iowa,-11.6,11.5,9.8,23.5
IA,33000.0,51,1683000.0,875000.0,0.75,1262000.0,2001,Iowa,-7.3,11.2,10.1,24.7
IA,33000.0,70,2310000.0,901000.0,1.43,3303000.0,2002,Iowa,-1.5,9.1,10.1,25.5
IA,32000.0,59,1888000.0,868000.0,1.42,2681000.0,2003,Iowa,-6.6,11.2,9.5,24.2
IA,35000.0,67,2345000.0,1337000.0,1.06,2486000.0,2004,Iowa,-7.4,11.2,9.7,22.2
IA,28000.0,88,2464000.0,1232000.0,1.21,2981000.0,2005,Iowa,-6.7,12.0,10.4,24.5
IA,26000.0,84,2184000.0,1441000.0,1.37,2992000.0,2006,Iowa,-3.4,10.9,10.8,25.2
IA,26000.0,81,2106000.0,1221000.0,1.31,2759000.0,2007,Iowa,-8.5,11.1,10.0,24.2
IA,24000.0,62,1488000.0,580000.0,1.58,2351000.0,2008,Iowa,-7.9,9.5,8.4,23.7
IA,26000.0,42,1092000.0,339000.0,1.6,1747000.0,2009,Iowa,-9.6,8.2,8.8,21.2
IA,27000.0,49,1323000.0,463000.0,1.92,2540000.0,2010,Iowa,-9.6,12.9,9.6,24.5
IA,25000.0,62,1550000.0,961000.0,1.96,3038000.0,2011,Iowa,-9.0,10.7,9.7,26.4
IA,37000.0,61,2257000.0,1196000.0,2.17,4898000.0,2012,Iowa,-2.6,11.5,11.7,27.3
ID,120000.0,50,6000000.0,2220000.0,0.65,3900000.0,1998,Idaho,-6.0,5.4,6.4,20.3
ID,120000.0,48,5760000.0,3110000.0,0.59,3398000.0,1999,Idaho,-4.2,5.5,6.1,18.2
ID,100000.0,47,4700000.0,2679000.0,0.52,2444000.0,2000,Idaho,-5.1,6.7,6.2,19.0
ID,100000.0,46,4600000.0,1610000.0,0.67,3082000.0,2001,Idaho,-6.2,5.4,6.4,19.9
ID,100000.0,57,5700000.0,1653000.0,1.37,7809000.0,2002,Idaho,-5.6,4.8,5.8,20.4
ID,100000.0,46,4600000.0,1380000.0,1.33,6118000.0,2003,Idaho,-3.4,6.8,7.1,21.2
ID,100000.0,63,6300000.0,2520000.0,1.02,6426000.0,2004,Idaho,-6.0,6.7,6.4,18.9
ID,95000.0,37,3515000.0,1793000.0,0.8,2812000.0,2005,Idaho,-5.8,6.1,6.1,19.3
ID,95000.0,44,4180000.0,2592000.0,0.97,4055000.0,2006,Idaho,-4.7,5.7,6.4,21.1
ID,92000.0,41,3772000.0,1848000.0,1.15,4338000.0,2007,Idaho,-7.1,5.8,6.7,22.1
ID,90000.0,40,3600000.0,1440000.0,1.46,5256000.0,2008,Idaho,-7.6,4.4,5.5,19.1
ID,103000.0,46,4738000.0,1706000.0,1.52,7202000.0,2009,Idaho,-7.6,4.1,5.7,18.7
ID,97000.0,27,2619000.0,1179000.0,1.61,4217000.0,2010,Idaho,-3.9,5.4,5.9,17.8
ID,87000.0,36,3132000.0,1879000.0,1.78,5575000.0,2011,Idaho,-5.2,4.6,5.4,18.8
ID,92000.0,32,2944000.0,530000.0,1.63,4799000.0,2012,Idaho,-4.0,6.4,7.0,20.2
IL,9000.0,71,639000.0,204000.0,1.19,760000.0,1998,Illinois,0.2,12.8,13.2,24.6
IL,9000.0,66,594000.0,327000.0,1.15,683000.0,1999,Illinois,-3.6,12.7,12.3,26.4
IL,8000.0,61,488000.0,146000.0,1.17,571000.0,2000,Illinois,-7.6,12.9,11.6,24.2
IL,6000.0,76,456000.0,251000.0,1.58,720000.0,2001,Illinois,-3.1,13.4,12.2,24.9
IL,9000.0,80,720000.0,130000.0,1.47,1058000.0,2002,Illinois,0.4,11.8,12.1,26.2
IL,7000.0,60,420000.0,252000.0,1.83,769000.0,2003,Illinois,-4.8,12.4,11.3,24.7
IL,7000.0,55,385000.0,193000.0,1.86,716000.0,2004,Illinois,-3.9,12.9,11.8,23.2
IL,8000.0,85,680000.0,408000.0,1.84,1251000.0,2005,Illinois,-2.9,13.3,12.4,25.1
IL,10000.0,66,660000.0,356000.0,2.14,1412000.0,2006,Illinois,-0.4,12.6,12.6,25.6
IL,9000.0,63,567000.0,374000.0,2.49,1412000.0,2007,Illinois,-5.4,13.0,12.4,26.2
IL,8000.0,56,448000.0,116000.0,2.59,1160000.0,2008,Illinois,-3.1,11.8,10.8,24.1
IL,8000.0,34,272000.0,57000.0,2.55,694000.0,2009,Illinois,-6.1,10.7,11.1,22.9
IL,9000.0,41,369000.0,92000.0,2.78,1026000.0,2010,Illinois,-5.3,14.5,12.0,25.8
IL,7000.0,50,350000.0,98000.0,3.9,1365000.0,2011,Illinois,-4.8,12.6,12.1,27.1
IL,7000.0,61,427000.0,145000.0,3.55,1516000.0,2012,Illinois,0.1,12.9,13.5,28.2
IN,9000.0,92,828000.0,489000.0,0.85,704000.0,1998,Indiana,1.7,12.6,13.2,23.9
IN,10000.0,81,810000.0,437000.0,0.9,729000.0,1999,Indiana,-2.5,12.4,12.3,26.3
IN,8000.0,65,520000.0,286000.0,1.03,536000.0,2000,Indiana,-6.7,12.6,11.4,23.0
IN,7000.0,76,532000.0,186000.0,0.92,489000.0,2001,Indiana,-2.6,13.2,12.3,24.0
IN,8000.0,62,496000.0,233000.0,1.19,590000.0,2002,Indiana,0.0,12.0,12.3,25.9
IN,5000.0,56,280000.0,78000.0,1.66,465000.0,2003,Indiana,-5.3,12.1,11.2,24.0
IN,7000.0,59,413000.0,145000.0,1.47,607000.0,2004,Indiana,-3.8,12.6,11.8,23.1
IN,8000.0,64,512000.0,189000.0,1.18,604000.0,2005,Indiana,-2.6,13.0,12.1,24.8
IN,7000.0,54,378000.0,125000.0,1.58,597000.0,2006,Indiana,0.0,12.3,12.4,24.9
IN,8000.0,53,424000.0,119000.0,1.5,636000.0,2007,Indiana,-6.2,13.1,12.4,25.7
IN,7000.0,67,469000.0,150000.0,1.68,788000.0,2008,Indiana,-2.0,12.0,11.1,23.8
IN,9000.0,32,288000.0,101000.0,2.02,582000.0,2009,Indiana,-5.6,10.9,11.2,22.7
IN,10000.0,43,430000.0,151000.0,2.23,959000.0,2010,Indiana,-4.3,14.1,12.0,25.5
IN,8000.0,51,408000.0,147000.0,2.14,873000.0,2011,Indiana,-4.3,12.3,12.2,26.8
IN,8000.0,59,472000.0,203000.0,2.54,1199000.0,2012,Indiana,0.4,12.5,13.3,27.5
KS,16000.0,46,736000.0,390000.0,0.87,640000.0,1998,Kansas,0.5,13.0,13.8,26.9
KS,13000.0,67,871000.0,854000.0,1.11,967000.0,1999,Kansas,-0.0,12.9,13.6,27.4
KS,15000.0,68,1020000.0,520000.0,0.91,928000.0,2000,Kansas,-4.2,13.8,13.3,28.7
KS,13000.0,51,663000.0,530000.0,0.96,636000.0,2001,Kansas,-0.8,14.1,13.5,28.8
KS,17000.0,52,884000.0,407000.0,1.5,1326000.0,2002,Kansas,1.1,12.1,13.2,27.6
KS,16000.0,57,912000.0,447000.0,1.41,1286000.0,2003,Kansas,-0.2,14.2,13.1,28.2
KS,14000.0,80,1120000.0,683000.0,1.18,1322000.0,2004,Kansas,-0.8,13.7,13.1,24.5
KS,16000.0,50,800000.0,328000.0,1.05,840000.0,2005,Kansas,-1.1,13.6,13.5,26.5
KS,14000.0,55,770000.0,246000.0,1.17,901000.0,2006,Kansas,1.5,14.2,14.1,27.8
KS,14000.0,40,560000.0,196000.0,1.18,661000.0,2007,Kansas,-2.7,13.3,13.1,27.9
KS,10000.0,61,610000.0,128000.0,1.55,946000.0,2008,Kansas,-1.2,11.8,12.3,26.4
KS,9000.0,63,567000.0,164000.0,1.85,1049000.0,2009,Kansas,-3.0,10.4,12.3,24.8
KS,9000.0,52,468000.0,103000.0,2.02,945000.0,2010,Kansas,-2.6,14.9,13.2,27.1
KS,7000.0,44,308000.0,117000.0,2.15,662000.0,2011,Kansas,-2.5,13.7,13.2,29.9
KS,6000.0,55,330000.0,125000.0,2.28,752000.0,2012,Kansas,1.5,14.2,14.8,29.7
KY,3000.0,50,150000.0,51000.0,1.4,210000.0,1998,Kentucky,4.8,14.1,14.9,25.0
KY,3000.0,50,150000.0,12000.0,1.24,186000.0,1999,Kentucky,2.9,14.4,14.3,26.9
KY,4000.0,48,192000.0,54000.0,1.35,259000.0,2000,Kentucky,-2.9,14.1,13.5,24.3
KY,4000.0,78,312000.0,125000.0,1.41,440000.0,2001,Kentucky,-0.1,14.7,14.0,25.2
KY,5000.0,54,270000.0,78000.0,1.63,440000.0,2002,Kentucky,2.7,14.7,14.2,26.4
KY,5000.0,48,240000.0,14000.0,1.67,401000.0,2003,Kentucky,-1.9,14.3,13.3,25.0
KY,5000.0,56,280000.0,34000.0,1.96,549000.0,2004,Kentucky,0.3,14.6,13.9,24.1
KY,5000.0,50,250000.0,40000.0,2.08,520000.0,2005,Kentucky,0.8,14.4,14.1,26.1
KY,5000.0,56,280000.0,70000.0,2.19,613000.0,2006,Kentucky,2.3,14.3,14.1,25.7
KY,4000.0,61,244000.0,54000.0,2.12,517000.0,2007,Kentucky,-1.3,14.6,14.6,27.7
KY,4000.0,39,156000.0,27000.0,2.44,381000.0,2008,Kentucky,0.8,13.7,13.3,24.6
KY,5000.0,35,175000.0,25000.0,2.71,474000.0,2009,Kentucky,-1.0,12.9,13.3,23.9
KY,5000.0,67,335000.0,67000.0,2.72,911000.0,2010,Kentucky,-1.5,15.4,13.7,26.4
KY,4000.0,39,156000.0,12000.0,3.17,495000.0,2011,Kentucky,-1.0,14.3,14.2,27.1
KY,5000.0,51,255000.0,41000.0,3.15,803000.0,2012,Kentucky,3.7,14.5,15.0,27.6
LA,41000.0,111,4551000.0,865000.0,0.59,2685000.0,1998,Louisiana,12.1,19.9,20.6,29.9
LA,48000.0,114,5472000.0,821000.0,0.49,2681000.0,1999,Louisiana,10.9,20.6,20.3,29.6
LA,43000.0,94,4042000.0,1334000.0,0.52,2102000.0,2000,Louisiana,6.8,19.4,19.9,29.4
LA,45000.0,106,4770000.0,572000.0,0.6,2862000.0,2001,Louisiana,7.8,19.9,19.6,28.4
LA,35000.0,124,4340000.0,347000.0,1.16,5034000.0,2002,Louisiana,10.0,21.2,19.7,28.3
LA,34000.0,90,3060000.0,275000.0,1.24,3794000.0,2003,Louisiana,7.9,20.0,19.5,28.4
LA,35000.0,98,3430000.0,240000.0,0.79,2710000.0,2004,Louisiana,9.8,21.3,19.9,27.8
LA,35000.0,97,3395000.0,611000.0,0.72,2444000.0,2005,Louisiana,9.9,19.5,20.1,29.0
LA,30000.0,90,2700000.0,675000.0,0.9,2430000.0,2006,Louisiana,10.8,21.2,20.2,29.1
LA,29000.0,89,2581000.0,413000.0,1.08,2787000.0,2007,Louisiana,9.9,19.5,20.0,29.3
LA,40000.0,77,3080000.0,493000.0,1.36,4189000.0,2008,Louisiana,9.3,19.3,19.6,28.6
LA,37000.0,103,3811000.0,610000.0,1.36,5183000.0,2009,Louisiana,9.2,19.3,19.7,28.4
LA,36000.0,80,2880000.0,288000.0,1.5,4320000.0,2010,Louisiana,7.4,20.3,19.5,29.8
LA,36000.0,77,2772000.0,471000.0,1.67,4629000.0,2011,Louisiana,8.4,20.4,20.2,30.7
LA,41000.0,86,3526000.0,141000.0,1.83,6453000.0,2012,Louisiana,13.1,20.5,20.8,28.3
MD,7000.0,44,308000.0,92000.0,1.1,339000.0,1998,Maryland,4.8,13.5,14.2,24.4
MD,6000.0,46,276000.0,50000.0,1.64,453000.0,1999,Maryland,2.5,12.4,13.4,26.3
MD,6000.0,46,276000.0,52000.0,1.14,315000.0,2000,Maryland,-1.1,12.8,12.5,22.8
MD,4000.0,46,184000.0,55000.0,1.6,294000.0,2001,Maryland,0.4,13.1,13.2,24.7
MD,3000.0,46,138000.0,21000.0,1.96,270000.0,2002,Maryland,1.6,13.8,13.7,25.5
MD,2000.0,42,84000.0,21000.0,1.93,162000.0,2003,Maryland,-1.6,12.1,12.4,24.6
ME,10000.0,26,260000.0,117000.0,0.69,179000.0,1998,Maine,-7.3,6.4,6.6,19.0
ME,14000.0,22,308000.0,89000.0,0.83,256000.0,1999,Maine,-9.3,5.3,6.7,19.9
ME,11000.0,21,231000.0,143000.0,0.75,173000.0,2000,Maine,-9.6,5.5,5.2,17.5
ME,11000.0,20,220000.0,106000.0,0.79,174000.0,2001,Maine,-9.6,6.0,6.1,19.6
ME,11000.0,41,451000.0,266000.0,1.21,546000.0,2002,Maine,-6.2,5.1,5.6,19.3
ME,8000.0,33,264000.0,145000.0,1.41,372000.0,2003,Maine,-12.4,4.7,4.9,19.0
ME,7000.0,31,217000.0,37000.0,1.28,278000.0,2004,Maine,-14.1,5.9,4.8,18.3
ME,8000.0,26,208000.0,193000.0,1.66,345000.0,2005,Maine,-11.3,6.8,5.7,19.3
ME,11000.0,23,253000.0,86000.0,1.6,405000.0,2006,Maine,-7.2,6.5,6.8,20.4
ME,9000.0,26,234000.0,59000.0,1.32,309000.0,2007,Maine,-11.1,6.4,5.1,18.3
ME,7000.0,42,294000.0,79000.0,1.57,462000.0,2008,Maine,-7.5,6.2,5.6,19.8
ME,6000.0,50,300000.0,51000.0,1.95,585000.0,2009,Maine,-13.1,5.5,5.2,19.1
ME,5000.0,41,205000.0,33000.0,2.05,420000.0,2010,Maine,-6.3,7.3,7.2,20.7
ME,4000.0,30,120000.0,17000.0,1.98,238000.0,2011,Maine,-8.8,6.5,6.2,19.8
ME,4000.0,34,136000.0,24000.0,2.39,325000.0,2012,Maine,-7.4,7.3,6.8,19.9
MI,80000.0,85,6800000.0,3672000.0,0.66,4488000.0,1998,Michigan,-3.4,9.0,9.4,20.9
MI,73000.0,85,6205000.0,3475000.0,0.66,4095000.0,1999,Michigan,-7.4,8.1,8.4,22.3
MI,72000.0,75,5400000.0,2970000.0,0.6,3240000.0,2000,Michigan,-8.3,8.3,7.6,19.3
MI,76000.0,60,4560000.0,2827000.0,0.81,3694000.0,2001,Michigan,-5.2,8.5,8.5,21.2
MI,72000.0,77,5544000.0,1885000.0,1.4,7762000.0,2002,Michigan,-2.7,6.8,8.0,22.6
MI,65000.0,74,4810000.0,1732000.0,1.41,6782000.0,2003,Michigan,-8.4,6.8,7.0,20.8
MI,65000.0,67,4355000.0,2439000.0,1.16,5052000.0,2004,Michigan,-9.5,8.2,7.3,19.3
MI,65000.0,68,4420000.0,2519000.0,0.94,4155000.0,2005,Michigan,-7.3,9.3,8.1,21.5
MI,72000.0,55,3960000.0,2099000.0,1.15,4554000.0,2006,Michigan,-5.0,8.0,8.6,22.0
MI,72000.0,64,4608000.0,2350000.0,1.19,5484000.0,2007,Michigan,-9.0,9.1,8.1,20.8
MI,71000.0,73,5183000.0,2021000.0,1.44,7464000.0,2008,Michigan,-7.3,8.1,7.0,20.4
MI,66000.0,60,3960000.0,1505000.0,1.55,6138000.0,2009,Michigan,-10.3,6.8,6.9,18.9
MI,71000.0,58,4118000.0,1524000.0,1.67,6877000.0,2010,Michigan,-5.5,9.8,8.7,22.1
MI,74000.0,64,4736000.0,2084000.0,1.81,8572000.0,2011,Michigan,-7.9,7.8,7.8,22.7
MI,73000.0,57,4161000.0,1332000.0,2.03,8447000.0,2012,Michigan,-3.4,7.9,9.3,23.1
MN,140000.0,79,11060000.0,2765000.0,0.65,7189000.0,1998,Minnesota,-9.7,8.6,7.4,20.9
MN,145000.0,82,11890000.0,3210000.0,0.61,7253000.0,1999,Minnesota,-13.1,7.1,6.8,22.1
MN,150000.0,90,13500000.0,3105000.0,0.57,7695000.0,2000,Minnesota,-16.0,7.4,5.7,20.6
MN,135000.0,81,10935000.0,1859000.0,0.65,7108000.0,2001,Minnesota,-13.7,6.7,6.4,21.6
MN,117000.0,73,8541000.0,1110000.0,1.47,12555000.0,2002,Minnesota,-7.5,4.1,5.8,22.7
MN,120000.0,83,9960000.0,1892000.0,1.44,14342000.0,2003,Minnesota,-12.0,7.4,5.6,21.7
MN,135000.0,75,10125000.0,1924000.0,1.08,10935000.0,2004,Minnesota,-14.7,7.3,5.4,19.6
MN,120000.0,74,8880000.0,1598000.0,0.9,7992000.0,2005,Minnesota,-13.2,8.7,6.4,21.7
MN,125000.0,80,10000000.0,3300000.0,0.94,9400000.0,2006,Minnesota,-10.5,7.5,7.1,23.2
MN,130000.0,68,8840000.0,2564000.0,1.04,9194000.0,2007,Minnesota,-13.3,7.4,6.0,21.8
MN,122000.0,78,9516000.0,2569000.0,1.39,13227000.0,2008,Minnesota,-13.7,6.0,4.4,20.6
MN,122000.0,65,7930000.0,1427000.0,1.44,11419000.0,2009,Minnesota,-16.1,5.0,4.8,18.4
MN,128000.0,66,8448000.0,1774000.0,1.55,13094000.0,2010,Minnesota,-12.5,9.7,6.3,21.7
MN,120000.0,53,6360000.0,2099000.0,1.63,10367000.0,2011,Minnesota,-14.5,7.6,5.8,22.9
MN,125000.0,67,8375000.0,1591000.0,1.92,16080000.0,2012,Minnesota,-8.3,6.8,7.6,23.8
MO,23000.0,66,1518000.0,455000.0,0.76,1154000.0,1998,Missouri,1.8,13.8,14.3,26.1
MO,24000.0,65,1560000.0,437000.0,0.68,1061000.0,1999,Missouri,-0.8,14.1,13.9,27.2
MO,23000.0,75,1725000.0,362000.0,0.6,1035000.0,2000,Missouri,-5.9,14.3,13.2,27.0
MO,22000.0,61,1342000.0,336000.0,0.71,953000.0,2001,Missouri,-1.4,14.8,13.6,26.7
MO,18000.0,50,900000.0,189000.0,1.42,1278000.0,2002,Missouri,1.9,13.2,13.4,26.8
MO,17000.0,53,901000.0,189000.0,1.41,1270000.0,2003,Missouri,-2.4,14.2,12.9,26.6
MO,16000.0,41,656000.0,151000.0,1.36,892000.0,2004,Missouri,-1.2,14.3,13.1,24.1
MO,15000.0,50,750000.0,180000.0,1.22,915000.0,2005,Missouri,-0.6,14.1,13.8,26.2
MO,15000.0,46,690000.0,117000.0,0.98,676000.0,2006,Missouri,1.3,14.4,14.1,26.7
MO,14000.0,46,644000.0,148000.0,1.12,721000.0,2007,Missouri,-1.7,13.9,13.8,28.0
MO,11000.0,53,583000.0,152000.0,1.68,979000.0,2008,Missouri,-0.7,12.5,12.3,25.4
MO,11000.0,47,517000.0,57000.0,1.99,1029000.0,2009,Missouri,-2.4,11.5,12.6,24.2
MO,11000.0,52,572000.0,92000.0,1.8,1030000.0,2010,Missouri,-3.7,15.5,13.3,26.8
MO,8000.0,43,344000.0,76000.0,2.14,736000.0,2011,Missouri,-2.9,14.2,13.5,28.7
MO,7000.0,53,371000.0,108000.0,2.8,1039000.0,2012,Missouri,2.4,14.9,15.1,29.3
MS,18000.0,86,1548000.0,898000.0,0.58,898000.0,1998,Mississippi,9.7,18.7,19.3,28.8
MS,18000.0,73,1314000.0,591000.0,0.54,710000.0,1999,Mississippi,9.0,19.3,18.8,28.7
MS,17000.0,72,1224000.0,649000.0,0.69,845000.0,2000,Mississippi,4.1,17.9,18.4,29.1
MS,17000.0,66,1122000.0,224000.0,0.89,999000.0,2001,Mississippi,5.4,18.3,18.2,27.9
MS,18000.0,78,1404000.0,281000.0,1.23,1727000.0,2002,Mississippi,8.3,19.9,18.4,27.9
MS,21000.0,69,1449000.0,246000.0,1.29,1869000.0,2003,Mississippi,5.2,18.5,17.9,27.7
MS,18000.0,65,1170000.0,421000.0,0.79,924000.0,2004,Mississippi,7.8,19.5,18.3,27.1
MS,16000.0,80,1280000.0,346000.0,0.67,858000.0,2005,Mississippi,7.3,17.9,18.5,28.4
MS,14000.0,98,1372000.0,453000.0,0.93,1276000.0,2006,Mississippi,8.1,19.4,18.8,29.0
MS,15000.0,92,1380000.0,166000.0,0.91,1256000.0,2007,Mississippi,8.1,18.3,18.9,29.7
MS,14000.0,98,1372000.0,110000.0,1.3,1784000.0,2008,Mississippi,6.8,17.7,18.0,28.0
MS,14000.0,104,1456000.0,87000.0,1.32,1922000.0,2009,Mississippi,7.3,17.6,18.1,27.4
MS,16000.0,98,1568000.0,78000.0,1.44,2258000.0,2010,Mississippi,5.2,19.0,18.1,29.4
MS,18000.0,115,2070000.0,104000.0,1.53,3167000.0,2011,Mississippi,6.1,18.4,18.6,29.0
MS,18000.0,118,2124000.0,64000.0,1.77,3759000.0,2012,Mississippi,10.9,19.1,19.3,28.4
MT,115000.0,122,14030000.0,5472000.0,0.64,8979000.0,1998,Montana,-7.4,6.7,6.7,20.8
MT,122000.0,70,8540000.0,2135000.0,0.6,5124000.0,1999,Montana,-5.6,5.9,6.8,19.3
MT,124000.0,88,10912000.0,4692000.0,0.59,6438000.0,2000,Montana,-9.1,6.4,5.8,20.4
MT,136000.0,102,13872000.0,4578000.0,0.67,9294000.0,2001,Montana,-8.7,5.6,6.6,20.7
MT,134000.0,63,8442000.0,1097000.0,1.38,11650000.0,2002,Montana,-6.8,2.9,5.3,21.1
MT,145000.0,66,9570000.0,1914000.0,1.44,13781000.0,2003,Montana,-6.1,7.7,6.4,21.5
MT,140000.0,77,10780000.0,3773000.0,1.08,11642000.0,2004,Montana,-8.4,6.6,6.1,19.1
MT,130000.0,67,8710000.0,3136000.0,0.86,7491000.0,2005,Montana,-7.9,6.7,6.2,19.9
MT,132000.0,79,10428000.0,1981000.0,0.95,9907000.0,2006,Montana,-5.1,5.9,6.9,22.0
MT,135000.0,68,9180000.0,2479000.0,0.99,9088000.0,2007,Montana,-6.0,6.0,6.7,23.1
MT,134000.0,70,9380000.0,4596000.0,1.37,12851000.0,2008,Montana,-10.1,4.9,5.3,19.4
MT,146000.0,70,10220000.0,3577000.0,1.46,14921000.0,2009,Montana,-11.2,3.4,5.1,18.2
MT,157000.0,74,11618000.0,2905000.0,1.58,18356000.0,2010,Montana,-7.1,6.8,5.4,18.1
MT,145000.0,92,13340000.0,3202000.0,1.7,22678000.0,2011,Montana,-8.7,5.4,5.4,19.5
MT,145000.0,52,7540000.0,2413000.0,1.95,14703000.0,2012,Montana,-5.9,6.0,7.0,21.6
NC,8000.0,59,472000.0,151000.0,1.38,651000.0,1998,North Carolina,7.2,15.7,16.4,26.2
NC,9000.0,46,414000.0,104000.0,1.62,671000.0,1999,North Carolina,6.8,15.6,15.8,26.4
NC,11000.0,49,539000.0,243000.0,1.43,771000.0,2000,North Carolina,2.1,15.0,15.1,24.6
NC,13000.0,44,572000.0,172000.0,1.48,847000.0,2001,North Carolina,4.3,15.2,15.6,25.3
NC,16000.0,42,672000.0,74000.0,1.41,948000.0,2002,North Carolina,5.1,17.2,16.0,26.5
NC,10000.0,44,440000.0,79000.0,1.92,845000.0,2003,North Carolina,2.7,15.0,15.3,25.7
NC,9000.0,40,360000.0,72000.0,1.93,695000.0,2004,North Carolina,3.5,16.0,15.6,25.6
NC,10000.0,54,540000.0,146000.0,1.88,1015000.0,2005,North Carolina,4.8,15.7,15.7,26.7
NC,10000.0,50,500000.0,215000.0,1.57,785000.0,2006,North Carolina,5.8,15.7,15.9,26.2
NC,12000.0,45,540000.0,76000.0,2.49,1345000.0,2007,North Carolina,4.2,16.6,16.2,27.4
NC,12000.0,52,624000.0,137000.0,2.18,1360000.0,2008,North Carolina,4.7,14.9,15.5,25.4
NC,11000.0,45,495000.0,84000.0,2.57,1272000.0,2009,North Carolina,4.0,15.2,15.3,25.5
NC,13000.0,46,598000.0,144000.0,2.66,1591000.0,2010,North Carolina,1.2,16.4,15.4,26.7
NC,14000.0,62,868000.0,95000.0,2.83,2456000.0,2011,North Carolina,2.7,15.8,16.1,27.0
NC,13000.0,39,507000.0,106000.0,3.76,1906000.0,2012,North Carolina,6.9,15.5,16.3,27.3
ND,230000.0,128,29440000.0,8832000.0,0.63,18547000.0,1998,North Dakota,-11.8,8.0,6.5,21.9
ND,255000.0,105,26775000.0,8836000.0,0.59,15797000.0,1999,North Dakota,-13.6,6.3,6.4,21.0
ND,300000.0,115,34500000.0,13800000.0,0.57,19665000.0,2000,North Dakota,-16.1,6.9,5.4,21.4
ND,280000.0,96,26880000.0,9408000.0,0.69,18547000.0,2001,North Dakota,-14.6,6.0,6.0,21.7
ND,320000.0,75,24000000.0,8160000.0,1.46,35040000.0,2002,North Dakota,-8.4,2.8,5.4,22.8
ND,340000.0,87,29580000.0,6803000.0,1.36,40229000.0,2003,North Dakota,-12.6,8.2,5.3,22.9
ND,390000.0,78,30420000.0,9126000.0,1.05,31941000.0,2004,North Dakota,-15.4,6.8,5.1,20.1
ND,370000.0,91,33670000.0,8418000.0,0.83,27946000.0,2005,North Dakota,-14.1,8.0,6.1,21.5
ND,350000.0,74,25900000.0,7770000.0,0.91,23569000.0,2006,North Dakota,-9.1,7.0,6.9,23.7
ND,420000.0,74,31080000.0,9013000.0,0.96,29837000.0,2007,North Dakota,-13.3,6.6,5.8,23.3
ND,400000.0,90,36000000.0,8640000.0,1.36,48960000.0,2008,North Dakota,-14.8,5.8,4.4,21.1
ND,450000.0,77,34650000.0,7623000.0,1.38,47817000.0,2009,North Dakota,-14.7,3.9,4.0,18.6
ND,510000.0,91,46410000.0,12995000.0,1.5,69615000.0,2010,North Dakota,-12.3,8.8,5.3,21.0
ND,460000.0,71,32660000.0,7512000.0,1.67,54542000.0,2011,North Dakota,-14.1,6.7,5.2,22.3
ND,480000.0,69,33120000.0,5962000.0,1.92,63590000.0,2012,North Dakota,-10.3,6.6,7.1,23.8
NE,64000.0,70,4480000.0,2240000.0,0.86,3853000.0,1998,Nebraska,-3.0,10.0,10.6,24.5
NE,58000.0,77,4466000.0,1965000.0,0.61,2724000.0,1999,Nebraska,-3.2,9.7,10.8,24.9
NE,50000.0,87,4350000.0,2610000.0,0.59,2567000.0,2000,Nebraska,-7.4,10.6,10.2,25.0
NE,43000.0,48,2064000.0,1115000.0,0.72,1486000.0,2001,Nebraska,-5.6,10.6,10.4,25.5
NE,43000.0,75,3225000.0,1161000.0,1.49,4805000.0,2002,Nebraska,-1.4,8.5,10.3,26.4
NE,45000.0,74,3330000.0,1299000.0,1.38,4595000.0,2003,Nebraska,-3.8,11.6,10.2,25.3
NE,51000.0,89,4539000.0,2043000.0,1.01,4584000.0,2004,Nebraska,-4.4,10.9,10.2,22.7
NE,40000.0,68,2720000.0,2530000.0,0.87,2366000.0,2005,Nebraska,-4.8,10.6,10.7,25.0
NE,47000.0,73,3431000.0,3843000.0,0.93,3191000.0,2006,Nebraska,-2.2,10.5,10.9,25.9
NE,45000.0,49,2205000.0,1477000.0,1.03,2271000.0,2007,Nebraska,-5.6,10.2,10.3,25.2
NE,36000.0,67,2412000.0,1254000.0,1.45,3497000.0,2008,Nebraska,-5.8,8.8,9.0,24.4
NE,48000.0,56,2688000.0,1102000.0,1.46,3924000.0,2009,Nebraska,-7.2,6.9,8.9,21.8
NE,41000.0,55,2255000.0,902000.0,1.51,3405000.0,2010,Nebraska,-5.5,11.8,9.9,24.4
NE,41000.0,59,2419000.0,653000.0,1.75,4233000.0,2011,Nebraska,-6.4,10.2,9.6,26.0
NE,43000.0,65,2795000.0,1146000.0,1.93,5394000.0,2012,Nebraska,-2.3,11.3,11.8,27.3
NJ,11000.0,49,539000.0,167000.0,0.76,410000.0,1998,New Jersey,3.2,12.1,12.8,23.5
NJ,10000.0,44,440000.0,154000.0,0.57,251000.0,1999,New Jersey,0.2,11.0,12.2,25.6
NJ,11000.0,35,385000.0,200000.0,0.61,235000.0,2000,New Jersey,-2.0,11.1,11.1,21.7
NJ,11000.0,34,374000.0,71000.0,0.85,318000.0,2001,New Jersey,-1.3,11.8,11.9,24.1
NJ,11000.0,40,440000.0,92000.0,1.0,440000.0,2002,New Jersey,0.5,12.1,12.4,24.6
NJ,10000.0,19,190000.0,101000.0,1.6,304000.0,2003,New Jersey,-3.5,10.3,10.9,23.8
NJ,12000.0,27,324000.0,45000.0,1.4,454000.0,2004,New Jersey,-4.5,11.4,11.5,22.9
NJ,12000.0,32,384000.0,104000.0,1.2,461000.0,2005,New Jersey,-1.7,12.1,11.6,24.6
NJ,9000.0,36,324000.0,152000.0,1.14,369000.0,2006,New Jersey,0.8,11.8,12.5,24.7
NJ,9000.0,57,513000.0,185000.0,1.96,1005000.0,2007,New Jersey,-3.2,12.6,11.7,23.1
NJ,9000.0,40,360000.0,122000.0,1.62,583000.0,2008,New Jersey,0.8,11.6,11.8,24.2
NJ,11000.0,32,352000.0,70000.0,2.36,831000.0,2009,New Jersey,-3.4,11.4,11.3,23.7
NJ,13000.0,35,455000.0,73000.0,1.9,865000.0,2010,New Jersey,-1.2,12.9,12.3,25.4
NJ,11000.0,41,451000.0,135000.0,3.7,1669000.0,2011,New Jersey,-2.9,12.3,12.4,25.3
NJ,14000.0,33,462000.0,51000.0,1.97,910000.0,2012,New Jersey,1.6,12.3,13.0,25.3
NM,14000.0,55,770000.0,470000.0,0.76,585000.0,1998,New Mexico,2.6,11.2,12.6,24.0
NM,15000.0,52,780000.0,476000.0,0.77,601000.0,1999,New Mexico,1.2,11.6,12.6,22.9
NM,15000.0,64,960000.0,739000.0,0.72,691000.0,2000,New Mexico,1.6,12.7,13.1,24.0
NM,10000.0,70,700000.0,350000.0,0.66,462000.0,2001,New Mexico,-0.2,13.2,12.7,24.3
NM,11000.0,44,484000.0,252000.0,1.1,532000.0,2002,New Mexico,1.3,13.0,12.6,23.6
NM,6000.0,41,246000.0,108000.0,1.2,295000.0,2003,New Mexico,2.6,13.4,13.2,25.2
NM,8000.0,44,352000.0,127000.0,1.19,419000.0,2004,New Mexico,1.8,11.7,12.2,22.8
NM,7000.0,49,343000.0,113000.0,1.03,353000.0,2005,New Mexico,2.5,12.0,12.8,24.3
NM,7000.0,48,336000.0,104000.0,1.19,400000.0,2006,New Mexico,1.2,12.9,12.8,24.0
NM,6000.0,59,354000.0,138000.0,1.42,503000.0,2007,New Mexico,-0.8,12.3,12.5,23.5
NM,6000.0,48,288000.0,95000.0,1.48,426000.0,2008,New Mexico,0.2,11.9,12.2,22.6
NM,7000.0,60,420000.0,143000.0,1.59,668000.0,2009,New Mexico,-0.4,11.3,12.5,24.1
NM,7000.0,66,462000.0,157000.0,1.58,730000.0,2010,New Mexico,0.8,12.7,12.5,23.3
NM,7000.0,56,392000.0,153000.0,1.69,662000.0,2011,New Mexico,-0.5,13.1,12.7,25.0
NM,5000.0,52,260000.0,99000.0,3.39,881000.0,2012,New Mexico,2.0,13.6,13.5,23.9
NV,10000.0,46,460000.0,175000.0,1.65,759000.0,1998,Nevada,-1.4,7.8,9.6,23.4
NV,9000.0,45,405000.0,271000.0,1.54,624000.0,1999,Nevada,-0.1,9.5,10.3,22.1
NV,10000.0,35,350000.0,95000.0,1.45,508000.0,2000,Nevada,0.9,10.4,10.8,22.7
NV,9000.0,50,450000.0,36000.0,2.14,963000.0,2001,Nevada,-1.7,10.1,10.9,23.6
NV,9000.0,62,558000.0,61000.0,2.67,1490000.0,2002,Nevada,-1.1,9.7,10.5,24.8
NV,6000.0,64,384000.0,46000.0,2.04,783000.0,2003,Nevada,0.4,10.3,11.3,25.2
NV,14000.0,55,770000.0,316000.0,1.78,1371000.0,2004,Nevada,-1.4,9.8,10.5,23.4
NV,12000.0,46,552000.0,442000.0,3.11,1717000.0,2005,Nevada,-0.1,9.3,10.4,24.6
NV,9000.0,37,333000.0,50000.0,3.62,1205000.0,2006,Nevada,-0.9,9.2,10.5,24.8
NV,10000.0,28,280000.0,67000.0,2.99,837000.0,2007,Nevada,-2.9,9.7,10.8,25.1
NV,10000.0,29,290000.0,52000.0,1.42,412000.0,2008,Nevada,-2.9,9.2,10.2,23.7
NY,65000.0,80,5200000.0,2444000.0,0.7,3640000.0,1998,New York,-2.2,9.2,9.7,20.9
NY,69000.0,70,4830000.0,2077000.0,0.66,3188000.0,1999,New York,-5.8,8.0,8.9,22.7
NY,58000.0,80,4640000.0,2274000.0,0.55,2552000.0,2000,New York,-6.5,8.0,7.7,19.4
NY,53000.0,70,3710000.0,1781000.0,0.79,2931000.0,2001,New York,-4.9,9.0,8.9,22.0
NY,60000.0,98,5880000.0,2470000.0,1.25,7350000.0,2002,New York,-3.4,8.3,8.9,22.0
NY,67000.0,72,4824000.0,1640000.0,1.36,6561000.0,2003,New York,-9.0,7.0,7.6,21.5
NY,64000.0,67,4288000.0,1887000.0,1.36,5832000.0,2004,New York,-10.1,8.4,7.9,20.4
NY,59000.0,73,4307000.0,2283000.0,1.34,5771000.0,2005,New York,-7.0,9.2,8.5,22.5
NY,58000.0,64,3712000.0,2376000.0,1.3,4826000.0,2006,New York,-3.5,8.3,9.3,22.5
NY,53000.0,57,3021000.0,1843000.0,1.38,4169000.0,2007,New York,-8.2,9.4,8.2,20.7
NY,50000.0,70,3500000.0,1260000.0,1.65,5775000.0,2008,New York,-4.2,9.0,8.3,21.4
NY,45000.0,65,2925000.0,936000.0,1.93,5645000.0,2009,New York,-8.8,8.2,7.9,20.8
NY,45000.0,64,2880000.0,1123000.0,1.96,5645000.0,2010,New York,-5.0,9.8,9.1,22.7
NY,49000.0,56,2744000.0,1235000.0,1.96,5378000.0,2011,New York,-6.9,9.0,9.0,22.7
NY,51000.0,51,2601000.0,988000.0,2.23,5800000.0,2012,New York,-2.9,9.0,9.9,22.6
OH,18000.0,78,1404000.0,702000.0,0.83,1165000.0,1998,Ohio,2.1,11.7,12.6,23.2
OH,20000.0,74,1480000.0,784000.0,0.72,1066000.0,1999,Ohio,-1.8,11.8,11.7,25.6
OH,18000.0,65,1170000.0,585000.0,0.79,924000.0,2000,Ohio,-5.5,11.8,10.9,21.8
OH,18000.0,81,1458000.0,569000.0,1.01,1473000.0,2001,Ohio,-2.3,12.4,11.7,23.4
OH,18000.0,70,1260000.0,504000.0,1.44,1814000.0,2002,Ohio,-0.5,11.6,11.8,25.0
OH,15000.0,50,750000.0,278000.0,1.4,1050000.0,2003,Ohio,-5.5,11.2,10.6,23.2
OH,16000.0,58,928000.0,353000.0,1.53,1420000.0,2004,Ohio,-4.5,11.6,11.2,22.7
OH,15000.0,69,1035000.0,580000.0,1.4,1449000.0,2005,Ohio,-2.4,12.0,11.4,24.6
OH,14000.0,56,784000.0,282000.0,1.4,1098000.0,2006,Ohio,-0.1,11.6,11.9,24.1
OH,14000.0,61,854000.0,376000.0,1.77,1512000.0,2007,Ohio,-6.6,12.5,11.6,24.4
OH,14000.0,53,742000.0,371000.0,1.68,1247000.0,2008,Ohio,-1.7,11.6,10.8,23.2
OH,11000.0,50,550000.0,132000.0,2.81,1546000.0,2009,Ohio,-5.9,10.6,10.7,22.3
OH,18000.0,62,1116000.0,346000.0,2.28,2544000.0,2010,Ohio,-3.7,13.0,11.4,24.8
OH,15000.0,66,990000.0,228000.0,2.34,2317000.0,2011,Ohio,-4.4,11.6,11.7,25.9
OH,18000.0,60,1080000.0,410000.0,2.46,2657000.0,2012,Ohio,0.3,11.5,12.6,25.9
OK,4000.0,51,204000.0,63000.0,1.24,253000.0,1998,Oklahoma,4.9,16.0,17.1,30.3
OK,6000.0,45,270000.0,49000.0,1.34,362000.0,1999,Oklahoma,4.5,16.3,16.7,29.0
OK,7000.0,35,245000.0,64000.0,1.26,309000.0,2000,Oklahoma,-0.3,16.5,16.1,30.2
OK,4000.0,47,188000.0,105000.0,1.43,269000.0,2001,Oklahoma,2.3,17.0,16.4,30.3
OK,3000.0,53,159000.0,51000.0,1.63,259000.0,2002,Oklahoma,4.8,15.4,15.7,27.9
OK,3000.0,47,141000.0,69000.0,1.84,259000.0,2003,Oklahoma,3.1,16.9,15.9,29.1
OR,50000.0,45,2250000.0,1620000.0,0.9,2025000.0,1998,Oregon,-1.0,7.6,8.9,20.4
OR,45000.0,57,2565000.0,2026000.0,0.8,2052000.0,1999,Oregon,1.0,7.9,8.5,18.1
OR,48000.0,51,2448000.0,1665000.0,0.66,1616000.0,2000,Oregon,0.2,8.8,8.7,18.4
OR,44000.0,44,1936000.0,1200000.0,0.74,1433000.0,2001,Oregon,-0.0,7.6,8.9,19.6
OR,43000.0,49,2107000.0,885000.0,1.35,2844000.0,2002,Oregon,-0.0,7.7,8.8,20.3
OR,42000.0,51,2142000.0,964000.0,1.27,2720000.0,2003,Oregon,1.2,8.4,9.6,21.0
OR,42000.0,54,2268000.0,1111000.0,1.21,2744000.0,2004,Oregon,0.0,8.9,9.3,19.8
OR,39000.0,42,1638000.0,557000.0,1.08,1769000.0,2005,Oregon,-0.1,8.2,8.8,19.7
OR,46000.0,48,2208000.0,729000.0,1.05,2318000.0,2006,Oregon,0.4,7.9,9.0,20.7
OR,46000.0,43,1978000.0,1088000.0,1.31,2591000.0,2007,Oregon,-1.1,7.6,8.9,21.0
OR,50000.0,43,2150000.0,1097000.0,1.41,3032000.0,2008,Oregon,-1.9,7.6,8.3,19.1
OR,55000.0,34,1870000.0,767000.0,1.54,2880000.0,2009,Oregon,-2.0,6.9,8.6,19.9
OR,59000.0,39,2301000.0,874000.0,1.63,3751000.0,2010,Oregon,0.9,7.2,8.6,18.5
OR,60000.0,34,2040000.0,755000.0,1.68,3427000.0,2011,Oregon,0.3,6.5,8.1,19.0
OR,60000.0,32,1920000.0,845000.0,2.16,4147000.0,2012,Oregon,0.1,8.6,9.0,19.7
PA,26000.0,66,1716000.0,789000.0,0.8,1373000.0,1998,Pennsylvania,1.4,10.8,11.5,22.0
PA,28000.0,60,1680000.0,790000.0,0.76,1277000.0,1999,Pennsylvania,-2.5,9.9,10.5,24.1
PA,25000.0,45,1125000.0,630000.0,0.76,855000.0,2000,Pennsylvania,-4.9,10.2,9.7,20.4
PA,26000.0,57,1482000.0,785000.0,0.92,1363000.0,2001,Pennsylvania,-2.9,10.7,10.5,22.8
PA,29000.0,57,1653000.0,827000.0,1.34,2215000.0,2002,Pennsylvania,-1.8,10.3,10.7,23.3
PA,27000.0,50,1350000.0,419000.0,1.44,1944000.0,2003,Pennsylvania,-5.9,9.3,9.4,22.4
PA,30000.0,54,1620000.0,810000.0,1.42,2300000.0,2004,Pennsylvania,-6.3,10.1,10.0,21.5
PA,28000.0,56,1568000.0,800000.0,1.12,1756000.0,2005,Pennsylvania,-3.0,10.9,10.2,23.5
PA,28000.0,40,1120000.0,605000.0,1.63,1826000.0,2006,Pennsylvania,-1.0,10.2,10.9,23.3
PA,25000.0,42,1050000.0,326000.0,1.7,1785000.0,2007,Pennsylvania,-6.2,11.1,10.2,22.2
PA,23000.0,48,1104000.0,276000.0,1.65,1822000.0,2008,Pennsylvania,-2.0,10.4,9.9,22.4
PA,21000.0,40,840000.0,319000.0,2.03,1705000.0,2009,Pennsylvania,-6.1,9.8,9.7,21.9
PA,30000.0,37,1110000.0,377000.0,2.13,2364000.0,2010,Pennsylvania,-3.3,11.5,10.6,23.7
PA,24000.0,44,1056000.0,306000.0,2.55,2693000.0,2011,Pennsylvania,-4.9,10.5,10.7,24.2
PA,16000.0,60,960000.0,269000.0,2.57,2467000.0,2012,Pennsylvania,-0.6,10.3,11.5,24.1
SC,7000.0,40,280000.0,67000.0,0.79,221000.0,2001,South Carolina,6.7,17.3,17.9,27.1
SC,5000.0,94,470000.0,14000.0,1.25,588000.0,2002,South Carolina,7.4,19.8,18.1,28.1
SC,4000.0,70,280000.0,8000.0,1.89,529000.0,2003,South Carolina,5.8,17.2,17.4,26.9
SD,225000.0,95,21375000.0,10901000.0,0.64,13680000.0,1998,South Dakota,-6.8,9.0,8.9,23.5
SD,224000.0,104,23296000.0,13046000.0,0.6,13978000.0,1999,South Dakota,-7.8,8.2,9.1,23.4
SD,235000.0,121,28435000.0,12796000.0,0.58,16492000.0,2000,South Dakota,-11.6,8.9,8.1,23.4
SD,235000.0,65,15275000.0,12220000.0,0.71,10845000.0,2001,South Dakota,-10.6,8.5,8.4,24.1
SD,225000.0,51,11475000.0,2410000.0,1.42,16295000.0,2002,South Dakota,-5.1,5.8,8.3,25.6
SD,215000.0,70,15050000.0,2709000.0,1.43,21522000.0,2003,South Dakota,-7.2,10.1,8.2,24.3
SD,215000.0,105,22575000.0,13545000.0,1.01,22801000.0,2004,South Dakota,-8.6,9.3,8.3,22.1
SD,220000.0,79,17380000.0,11818000.0,0.83,14425000.0,2005,South Dakota,-8.4,9.5,8.8,24.0
SD,225000.0,47,10575000.0,10575000.0,0.94,9941000.0,2006,South Dakota,-4.9,8.8,9.3,26.1
SD,255000.0,52,13260000.0,10608000.0,1.02,13525000.0,2007,South Dakota,-9.0,8.4,8.6,25.1
SD,225000.0,95,21375000.0,11970000.0,1.34,28643000.0,2008,South Dakota,-9.7,7.3,7.0,23.1
SD,270000.0,66,17820000.0,6237000.0,1.42,25304000.0,2009,South Dakota,-9.9,5.3,6.8,20.5
SD,265000.0,58,15370000.0,4765000.0,1.51,23209000.0,2010,South Dakota,-9.2,10.5,7.7,23.5
SD,250000.0,66,16500000.0,4290000.0,1.7,28050000.0,2011,South Dakota,-10.2,8.7,7.5,24.8
SD,260000.0,63,16380000.0,3604000.0,1.95,31941000.0,2012,South Dakota,-5.6,9.4,9.9,26.4
TN,7000.0,64,448000.0,121000.0,1.32,591000.0,1998,Tennessee,6.1,15.3,15.9,26.0
TN,8000.0,51,408000.0,106000.0,1.3,530000.0,1999,Tennessee,5.4,15.6,15.4,26.7
TN,9000.0,61,549000.0,104000.0,1.43,785000.0,2000,Tennessee,-0.7,14.8,14.7,25.5
TN,8000.0,59,472000.0,131000.0,1.39,656000.0,2001,Tennessee,1.5,15.2,14.9,25.4
TN,8000.0,61,488000.0,137000.0,1.4,683000.0,2002,Tennessee,4.2,16.2,15.1,26.4
TN,6000.0,40,240000.0,46000.0,1.52,365000.0,2003,Tennessee,0.2,15.1,14.4,25.5
TN,6000.0,54,324000.0,91000.0,1.73,561000.0,2004,Tennessee,2.8,15.7,14.9,24.7
TN,7000.0,55,385000.0,92000.0,1.67,643000.0,2005,Tennessee,2.5,15.0,15.1,26.4
TN,7000.0,55,385000.0,58000.0,1.84,708000.0,2006,Tennessee,3.6,15.5,15.2,26.5
TN,7000.0,65,455000.0,114000.0,1.99,905000.0,2007,Tennessee,2.1,15.6,15.7,28.5
TN,7000.0,61,427000.0,149000.0,2.09,892000.0,2008,Tennessee,2.3,14.4,14.5,25.3
TN,7000.0,51,357000.0,86000.0,2.37,846000.0,2009,Tennessee,1.7,13.9,14.4,24.7
TN,8000.0,63,504000.0,106000.0,2.5,1260000.0,2010,Tennessee,0.4,15.9,14.7,27.0
TN,7000.0,44,308000.0,68000.0,2.93,902000.0,2011,Tennessee,1.2,15.2,15.2,27.1
TN,6000.0,61,366000.0,59000.0,2.93,1072000.0,2012,Tennessee,5.8,15.7,16.0,27.4
TX,91000.0,77,7007000.0,1612000.0,0.62,4344000.0,1998,Texas,9.0,18.9,19.6,30.5
TX,108000.0,81,8748000.0,2799000.0,0.64,5599000.0,1999,Texas,9.2,19.2,19.4,29.4
TX,105000.0,79,8295000.0,2986000.0,0.57,4728000.0,2000,Texas,5.7,19.2,19.2,29.3
TX,97000.0,79,7663000.0,1533000.0,0.65,4981000.0,2001,Texas,6.5,19.3,18.8,29.7
TX,114000.0,67,7638000.0,985000.0,1.14,8707000.0,2002,Texas,8.5,19.5,18.5,28.6
TX,140000.0,67,9380000.0,1126000.0,1.4,13132000.0,2003,Texas,7.8,19.5,18.8,28.6
TX,116000.0,76,8816000.0,1411000.0,0.97,8552000.0,2004,Texas,8.5,19.5,18.6,27.4
TX,84000.0,71,5964000.0,954000.0,0.86,5129000.0,2005,Texas,8.4,18.6,19.0,28.3
TX,82000.0,70,5740000.0,976000.0,0.89,5109000.0,2006,Texas,8.9,20.4,19.6,28.9
TX,105000.0,82,8610000.0,1550000.0,0.96,8266000.0,2007,Texas,5.7,18.5,18.3,28.0
TX,77000.0,64,4928000.0,1380000.0,1.34,6604000.0,2008,Texas,7.7,18.6,18.7,28.5
TX,89000.0,63,5607000.0,1065000.0,1.39,7794000.0,2009,Texas,6.1,18.1,18.8,29.2
TX,100000.0,72,7200000.0,792000.0,1.51,10872000.0,2010,Texas,6.6,19.1,18.5,29.4
TX,78000.0,58,4524000.0,633000.0,1.78,8053000.0,2011,Texas,7.1,20.4,19.7,31.4
TX,92000.0,52,4784000.0,718000.0,2.0,9568000.0,2012,Texas,10.1,20.0,19.9,28.9
UT,30000.0,58,1740000.0,557000.0,0.65,1131000.0,1998,Utah,-3.0,7.3,8.7,22.8
UT,26000.0,45,1170000.0,433000.0,0.68,796000.0,1999,Utah,-2.2,8.2,9.2,21.7
UT,24000.0,41,984000.0,462000.0,0.6,590000.0,2000,Utah,-1.5,9.7,9.8,23.0
UT,23000.0,38,874000.0,315000.0,0.65,568000.0,2001,Utah,-4.3,9.5,9.7,22.3
UT,22000.0,59,1298000.0,208000.0,1.3,1687000.0,2002,Utah,-3.8,8.8,9.1,24.2
UT,25000.0,57,1425000.0,157000.0,1.28,1824000.0,2003,Utah,-1.3,9.9,10.0,24.7
UT,24000.0,70,1680000.0,554000.0,1.1,1848000.0,2004,Utah,-4.5,8.9,9.0,21.9
UT,24000.0,45,1080000.0,346000.0,0.95,1026000.0,2005,Utah,-2.0,8.7,9.3,23.4
UT,26000.0,50,1300000.0,299000.0,0.98,1274000.0,2006,Utah,-2.6,8.5,9.2,23.6
UT,28000.0,42,1176000.0,270000.0,1.13,1329000.0,2007,Utah,-5.5,9.0,9.7,24.3
UT,28000.0,48,1344000.0,242000.0,1.57,2110000.0,2008,Utah,-5.7,7.9,8.6,23.0
UT,26000.0,38,988000.0,198000.0,1.46,1442000.0,2009,Utah,-6.0,7.1,8.8,22.6
UT,26000.0,30,780000.0,195000.0,1.53,1193000.0,2010,Utah,-3.1,8.4,8.8,22.5
UT,23000.0,39,897000.0,170000.0,1.75,1570000.0,2011,Utah,-3.8,8.0,8.4,22.4
UT,25000.0,38,950000.0,209000.0,1.87,1777000.0,2012,Utah,-2.6,9.8,10.2,22.7
VA,8000.0,37,296000.0,86000.0,1.33,394000.0,1998,Virginia,5.2,14.0,14.6,24.7
VA,7000.0,35,245000.0,86000.0,1.17,287000.0,1999,Virginia,4.2,13.4,14.0,25.9
VA,7000.0,42,294000.0,103000.0,1.5,441000.0,2000,Virginia,-0.7,13.5,13.2,23.2
VA,9000.0,52,468000.0,94000.0,1.26,590000.0,2001,Virginia,1.6,13.7,13.7,24.5
VA,8000.0,38,304000.0,79000.0,1.9,578000.0,2002,Virginia,2.5,14.7,14.2,25.5
VA,6000.0,37,222000.0,69000.0,1.68,373000.0,2003,Virginia,-0.3,13.2,13.2,24.7
VA,7000.0,38,266000.0,69000.0,2.1,559000.0,2004,Virginia,0.2,13.9,13.7,24.3
VA,8000.0,37,296000.0,59000.0,2.2,651000.0,2005,Virginia,1.9,14.0,13.7,25.6
VA,8000.0,42,336000.0,114000.0,2.2,739000.0,2006,Virginia,3.3,13.8,14.1,25.2
VA,6000.0,46,276000.0,63000.0,2.43,671000.0,2007,Virginia,-0.0,14.7,14.2,25.9
VA,6000.0,42,252000.0,45000.0,2.42,610000.0,2008,Virginia,2.4,13.3,13.6,24.3
VA,6000.0,39,234000.0,56000.0,3.45,807000.0,2009,Virginia,0.4,13.3,13.3,24.5
VA,5000.0,37,185000.0,37000.0,3.32,614000.0,2010,Virginia,-0.8,14.9,13.7,26.0
VA,4000.0,40,160000.0,21000.0,4.07,651000.0,2011,Virginia,0.2,14.1,14.3,26.1
VA,4000.0,41,164000.0,23000.0,3.77,618000.0,2012,Virginia,4.1,13.5,14.6,26.5
VT,6000.0,64,384000.0,207000.0,0.85,326000.0,1998,Vermont,-5.4,7.6,7.9,19.6
VT,6000.0,66,396000.0,222000.0,0.63,249000.0,1999,Vermont,-7.8,6.2,7.4,21.1
VT,7000.0,59,413000.0,211000.0,0.68,281000.0,2000,Vermont,-8.9,6.3,6.0,17.9
VT,7000.0,81,567000.0,249000.0,0.92,522000.0,2001,Vermont,-7.6,7.0,7.1,20.6
VT,7000.0,89,623000.0,274000.0,1.2,748000.0,2002,Vermont,-5.4,6.6,7.0,20.1
VT,7000.0,83,581000.0,163000.0,1.96,1139000.0,2003,Vermont,-11.6,5.4,5.9,20.2
VT,6000.0,68,408000.0,192000.0,1.51,616000.0,2004,Vermont,-13.0,6.7,6.0,19.3
VT,6000.0,91,546000.0,169000.0,1.12,612000.0,2005,Vermont,-9.4,7.8,6.8,20.8
VT,6000.0,56,336000.0,144000.0,1.2,403000.0,2006,Vermont,-5.8,6.9,7.7,21.4
VT,5000.0,64,320000.0,96000.0,1.7,544000.0,2007,Vermont,-10.1,7.5,6.2,18.9
VT,5000.0,66,330000.0,119000.0,2.2,726000.0,2008,Vermont,-6.1,7.2,6.6,20.3
VT,5000.0,49,245000.0,69000.0,2.01,492000.0,2009,Vermont,-11.2,6.6,6.2,19.6
VT,4000.0,65,260000.0,73000.0,3.1,806000.0,2010,Vermont,-6.4,8.1,7.8,21.7
VT,4000.0,43,172000.0,43000.0,2.31,397000.0,2011,Vermont,-8.6,7.4,7.3,21.1
VT,4000.0,60,240000.0,53000.0,2.39,574000.0,2012,Vermont,-5.6,8.2,8.2,20.9
WA,58000.0,51,2958000.0,1361000.0,0.64,1893000.0,1998,Washington,-1.2,7.9,9.1,20.4
WA,52000.0,50,2600000.0,1170000.0,0.6,1560000.0,1999,Washington,0.9,7.3,8.2,18.5
WA,52000.0,54,2808000.0,1151000.0,0.58,1629000.0,2000,Washington,-1.5,8.4,7.9,17.6
WA,48000.0,52,2496000.0,1048000.0,0.72,1797000.0,2001,Washington,-0.3,7.1,8.3,18.8
WA,50000.0,51,2550000.0,561000.0,1.27,3239000.0,2002,Washington,0.2,7.2,8.3,19.0
WA,58000.0,56,3248000.0,942000.0,1.46,4742000.0,2003,Washington,-0.2,8.7,9.0,19.9
WA,56000.0,63,3528000.0,1376000.0,0.98,3457000.0,2004,Washington,-1.4,9.1,9.1,19.7
WA,51000.0,55,2805000.0,1935000.0,1.01,2833000.0,2005,Washington,-1.5,8.5,8.5,18.7
WA,49000.0,52,2548000.0,1605000.0,1.24,3160000.0,2006,Washington,-0.8,8.0,8.7,19.8
WA,46000.0,44,2024000.0,648000.0,1.25,2530000.0,2007,Washington,-2.1,7.4,8.3,20.2
WA,49000.0,44,2156000.0,862000.0,1.51,3256000.0,2008,Washington,-3.2,6.5,7.7,18.1
WA,62000.0,44,2728000.0,1064000.0,1.58,4310000.0,2009,Washington,-3.0,6.8,8.0,19.8
WA,71000.0,37,2627000.0,1077000.0,1.57,4124000.0,2010,Washington,-0.1,8.1,8.4,18.0
WA,71000.0,38,2698000.0,836000.0,1.93,5207000.0,2011,Washington,-0.6,6.6,7.6,18.4
WA,62000.0,41,2542000.0,1017000.0,2.38,6050000.0,2012,Washington,-0.8,8.2,8.5,19.1
WI,89000.0,91,8099000.0,5264000.0,0.72,5831000.0,1998,Wisconsin,-6.0,9.2,8.9,21.1
WI,80000.0,75,6000000.0,4560000.0,0.68,4080000.0,1999,Wisconsin,-10.5,8.2,7.8,22.8
WI,84000.0,90,7560000.0,4385000.0,0.68,5141000.0,2000,Wisconsin,-12.3,8.5,7.0,20.2
WI,67000.0,81,5427000.0,3419000.0,0.82,4450000.0,2001,Wisconsin,-9.1,8.4,7.8,21.4
WI,70000.0,95,6650000.0,2461000.0,1.34,8911000.0,2002,Wisconsin,-4.0,6.2,7.4,23.0
WI,74000.0,77,5698000.0,2678000.0,1.47,8376000.0,2003,Wisconsin,-9.7,7.4,6.6,21.6
WI,68000.0,86,5848000.0,2632000.0,1.19,6959000.0,2004,Wisconsin,-11.3,8.3,6.8,19.7
WI,64000.0,83,5312000.0,2922000.0,1.14,6056000.0,2005,Wisconsin,-9.4,9.5,7.7,21.8
WI,64000.0,93,5952000.0,2500000.0,1.12,6666000.0,2006,Wisconsin,-7.2,8.1,8.2,23.0
WI,60000.0,84,5040000.0,3024000.0,1.22,6149000.0,2007,Wisconsin,-11.0,9.0,7.5,21.1
WI,58000.0,80,4640000.0,2366000.0,1.5,6960000.0,2008,Wisconsin,-10.0,7.5,5.9,20.9
WI,63000.0,60,3780000.0,1588000.0,1.58,5972000.0,2009,Wisconsin,-13.7,6.2,6.2,18.7
WI,64000.0,64,4096000.0,1556000.0,1.68,6881000.0,2010,Wisconsin,-9.0,10.1,7.9,22.2
WI,57000.0,63,3591000.0,1508000.0,1.89,6787000.0,2011,Wisconsin,-10.5,7.9,7.2,23.2
WI,60000.0,69,4140000.0,1863000.0,2.05,8487000.0,2012,Wisconsin,-5.7,7.7,9.0,24.2
WV,6000.0,55,330000.0,155000.0,1.14,376000.0,1998,West Virginia,3.4,12.2,12.9,22.8
WV,6000.0,39,234000.0,152000.0,1.09,255000.0,1999,West Virginia,1.4,12.1,12.2,25.0
WV,7000.0,54,378000.0,234000.0,1.22,461000.0,2000,West Virginia,-3.3,12.0,11.5,21.7
WV,7000.0,65,455000.0,410000.0,1.42,646000.0,2001,West Virginia,-1.1,12.3,12.0,23.2
WV,9000.0,51,459000.0,151000.0,1.32,606000.0,2002,West Virginia,0.6,12.7,12.4,24.1
WV,8000.0,47,376000.0,194000.0,1.89,711000.0,2003,West Virginia,-3.2,11.8,11.4,23.2
WV,9000.0,55,495000.0,183000.0,1.41,698000.0,2004,West Virginia,-2.3,12.2,11.9,22.5
WV,8000.0,51,408000.0,102000.0,1.29,526000.0,2005,West Virginia,-0.7,12.5,12.0,24.2
WV,6000.0,42,252000.0,68000.0,2.02,509000.0,2006,West Virginia,0.9,12.1,12.2,23.6
WV,6000.0,48,288000.0,95000.0,2.09,602000.0,2007,West Virginia,-4.0,12.8,12.3,24.5
WV,6000.0,43,258000.0,49000.0,2.16,557000.0,2008,West Virginia,-0.2,11.9,11.5,22.5
WV,5000.0,37,185000.0,33000.0,2.6,481000.0,2009,West Virginia,-2.6,11.2,11.4,22.6
WV,5000.0,40,200000.0,40000.0,2.39,478000.0,2010,West Virginia,-3.1,13.1,11.7,24.2
WV,4000.0,53,212000.0,45000.0,2.57,545000.0,2011,West Virginia,-2.4,12.3,12.4,24.8
WV,6000.0,48,288000.0,95000.0,2.91,838000.0,2012,West Virginia,1.8,11.8,12.9,25.0
WY,46000.0,60,2760000.0,524000.0,0.68,1877000.0,1998,Wyoming,-5.9,5.2,6.0,20.2
WY,37000.0,72,2664000.0,746000.0,0.61,1625000.0,1999,Wyoming,-4.0,5.7,6.4,19.1
WY,39000.0,93,3627000.0,798000.0,0.59,2140000.0,2000,Wyoming,-7.0,6.1,6.1,20.2
WY,38000.0,77,2926000.0,468000.0,0.65,1902000.0,2001,Wyoming,-6.4,5.7,6.4,20.5
WY,38000.0,63,2394000.0,383000.0,1.33,3184000.0,2002,Wyoming,-6.3,3.8,5.4,21.2
WY,39000.0,81,3159000.0,474000.0,1.41,4454000.0,2003,Wyoming,-6.2,7.2,6.4,21.4
WY,39000.0,75,2925000.0,380000.0,1.1,3218000.0,2004,Wyoming,-5.8,6.1,6.0,18.3
WY,40000.0,56,2240000.0,291000.0,0.89,1994000.0,2005,Wyoming,-6.1,6.0,6.2,20.2
WY,39000.0,85,3315000.0,497000.0,0.98,3249000.0,2006,Wyoming,-5.7,5.7,6.4,21.4
WY,43000.0,80,3440000.0,894000.0,1.0,3440000.0,2007,Wyoming,-8.3,5.8,6.5,21.7
WY,39000.0,61,2379000.0,381000.0,1.37,3259000.0,2008,Wyoming,-8.6,4.2,5.1,19.7
WY,37000.0,48,1776000.0,391000.0,1.43,2540000.0,2009,Wyoming,-9.6,2.8,5.2,17.8
WY,34000.0,36,1224000.0,282000.0,1.59,1946000.0,2010,Wyoming,-5.7,5.6,5.8,18.7
WY,35000.0,54,1890000.0,265000.0,1.72,3251000.0,2011,Wyoming,-7.5,5.0,5.3,19.9
WY,50000.0,51,2550000.0,459000.0,1.87,4769000.0,2012,Wyoming,-5.4,6.3,7.3,21.4
